-- Example table definitions (adjust if needed):
-- CREATE TABLE books (
--   id UUID PRIMARY KEY,
--   title TEXT NOT NULL,
--   author TEXT,
--   description TEXT,
--   genre TEXT,  -- or genre TEXT[] if you store arrays
--   created_at TIMESTAMP WITH TIME ZONE,
--   updated_at TIMESTAMP WITH TIME ZONE,
--   amazon_url TEXT
-- );

-- CREATE TABLE recommendations (
--   id UUID PRIMARY KEY,
--   person_id UUID,
--   book_id UUID,
--   source TEXT,
--   source_link TEXT,
--   created_at TIMESTAMP WITH TIME ZONE,
--   updated_at TIMESTAMP WITH TIME ZONE
-- );

-- CREATE TABLE people (
--   id UUID PRIMARY KEY,
--   full_name TEXT NOT NULL,
--   created_at TIMESTAMP WITH TIME ZONE,
--   updated_at TIMESTAMP WITH TIME ZONE,
--   url TEXT,
--   type TEXT
-- );

INSERT INTO books (id, title, author, description, genre, created_at, updated_at, amazon_url)
VALUES 
('d89ef09e-cb4d-4f45-9c8c-e9b34e327759', 'Middlemarch', 'George Eliot', 'An intricate portrait of ambition, marriage, and societal change in a small English town.', '{Classic}', '2025-02-14 23:40:56.120114+00', '2025-02-14 23:40:56.120114+00', 'https://www.amazon.com/Middlemarch-Wordsworth-Classics-George-Eliot/dp/1853262374'),
('26a38dbb-9309-4291-87e7-824f0eb209c9', 'Bleak House', 'Charles Dickens', 'A masterful critique of the British legal system through a rich tapestry of lives and mysteries.', '{Classic}', '2025-02-14 23:40:56.120114+00', '2025-02-14 23:40:56.120114+00', 'https://www.amazon.com/Bleak-House-Charles-Dickens/dp/0143037617'),
('ac172430-a2d5-4a08-b766-e79b0f7d9906', 'Portrait of a Lady', 'Henry James', 'Isabel Archer faces the trials of independence, betrayal, and self-discovery in a stifling society.', '{Fiction}', '2025-02-14 23:40:56.120114+00', '2025-02-14 23:40:56.120114+00', 'https://www.amazon.com/Portrait-Lady-Penguin-Classics/dp/014043223X'),
('229d41a3-f641-4b8f-854d-a60e873fbe11', 'Heart of Darkness', 'Joseph Conrad', 'A haunting journey into the heart of colonialism and the darkness within the human soul.', '{Fiction}', '2025-02-14 23:40:56.120114+00', '2025-02-14 23:40:56.120114+00', 'https://www.amazon.com/Heart-Darkness-Joseph-Conrad/dp/1936594145'),
('b08aa61b-40da-4876-9007-e2a1c83b1dc0', 'Jane Eyre', 'Charlotte Brontë', 'A timeless tale of love, hardship, and morality through the eyes of a determined orphan.', '{Historical}', '2025-02-14 23:40:56.120114+00', '2025-02-14 23:40:56.120114+00', 'https://www.amazon.com/Jane-Penguin-Classics-Charlotte-Bront%C3%AB/dp/0141441143'),
('174a1cf7-3bcd-4057-ac7e-80404c363c48', 'Madame Bovary', 'Gustave Flaubert', 'The tragic story of a woman’s desires and disillusionment, exposing societal hypocrisy.', '{Fiction}', '2025-02-14 23:40:56.120114+00', '2025-02-14 23:40:56.120114+00', 'https://www.amazon.com/Madame-Penguin-Classics-Gustave-Flaubert/dp/0140449124'),
('bb7bd264-6530-465f-9b29-9dc0b487c3e8', 'The Magic Mountain', 'Thomas Mann', 'A philosophical meditation on life, illness, and European culture before WWI.', '{Fiction}', '2025-02-14 23:40:56.120114+00', '2025-02-14 23:40:56.120114+00', 'https://www.amazon.com/Magic-Mountain-Thomas-Mann/dp/0679772871'),
('1ebc5bf6-1922-4897-87fe-80757b5e4443', 'Life and Fate', 'Vasily Grossman', 'A vivid depiction of life, war, and ideology during Stalin’s reign, exploring human resilience.', '{Classic}', '2025-02-14 23:40:56.120114+00', '2025-02-14 23:40:56.120114+00', 'https://www.amazon.com/Life-Fate-Review-Books-Classics/dp/1590172019'),
('fea81f19-ad46-4500-ac81-f4d77e34a7b9', 'To the Lighthouse', 'Virginia Woolf', 'A poetic reflection on family, art, and the passage of time, blending inner thoughts and outer landscapes.', '{Fiction}', '2025-02-14 23:40:56.120114+00', '2025-02-14 23:40:56.120114+00', 'https://www.amazon.com/Lighthouse-Virginia-Woolf/dp/B002ECEJ3G'),
('76fe1a81-4aa3-4c23-8041-cf2e8dd6933b', 'Anna Karenina', 'Leo Tolstoy', 'A profound exploration of love, jealousy, and societal pressures in 19th-century Russia.', '{Classic}', '2025-02-14 23:40:56.120114+00', '2025-02-14 23:40:56.120114+00', 'https://www.amazon.com/Anna-Karenina-Leo-Tolstoy/dp/0143035002'),
('ff01b322-2048-40b5-88eb-43b9b87e7033', 'The Rise and Fall of Modern Medicine', 'James Le Fanu', 'A captivating account of breakthroughs and setbacks that shaped modern medical science.', '{Nonfiction}', '2025-02-14 23:41:50.966509+00', '2025-02-14 23:41:50.966509+00', 'https://www.amazon.com/Rise-Fall-Modern-Medicine/dp/0786709677'),
('998bba5d-6127-4835-bb00-c5942d510770', 'The Courage to Be Disliked', 'Ichiro Kishimi', 'A philosophical dialogue on embracing freedom and self-reliance.', '{Nonfiction}', '2025-02-15 21:15:47.206692+00', '2025-02-18 17:46:13.664214+00', 'https://www.amazon.com/Courage-Be-Disliked-Phenomenon-Happiness-ebook/dp/B078MDSV8T'),
('3560a1d3-117d-4afb-bf7c-c7cffb8be368', 'Without Their Permission', 'Alexis Ohanian', 'A playbook for building successful tech companies and online communities.', '{Business}', '2025-02-15 21:15:47.206692+00', '2025-02-18 17:46:13.664214+00', 'https://www.amazon.com/Without-Their-Permission-Century-Managed/dp/1455520020'),
('d459a6b8-2e46-41a7-a737-47f263d293f7', 'Thinking, Fast and Slow', 'Daniel Kahneman', 'A deep dive into the two systems driving human thought and behavior.', '{Self-Help}', '2025-02-15 21:15:47.206692+00', '2025-02-18 17:46:13.664214+00', 'https://www.amazon.com/live/video/07f37281865849bb8650969e1931c367?ref_=dp_vse_rvc_8'),
('ce05a2d7-6292-4dde-ab13-95b1b2da05fb', 'The Ancient City', 'Peter Connolly', 'A historical exploration of urban life and ancient civilizations.', '{Historical}', '2025-02-15 21:15:47.206692+00', '2025-02-18 17:46:13.664214+00', 'https://www.amazon.com/Ancient-City-Life-Classical-Athens/dp/0195215826'),
('55ca43a0-984d-4427-927a-200f2f9a3d0f', 'Believe in People', 'Charles Koch', 'An inspiring look at human potential and the power of optimism.', '{Biography}', '2025-02-15 21:15:47.206692+00', '2025-02-18 17:46:13.664214+00', 'https://www.amazon.com/Believe-People-Bottom-Up-Solutions-Top-Down/dp/1250200962'),
('cb8652ee-4c35-4124-9fe2-85bcf14e991f', 'Whole Earth Discipline', 'Stewart Brand', 'Examines how technology and environment intersect in modern society.', '{Science}', '2025-02-15 21:15:47.206692+00', '2025-02-18 17:46:13.664214+00', 'https://www.amazon.com/Whole-Earth-Discipline-Transgenic-Geoengineering/dp/0143118285'),
('8c4b4f03-6ffa-4ed2-a838-35dae447c2de', 'Living With a Seal', 'Jesse Itzler', 'A quirky account of a month spent training with a Navy SEAL.', '{Biography}', '2025-02-15 21:15:47.206692+00', '2025-02-18 17:46:13.664214+00', 'https://www.amazon.com/Living-SEAL-Training-Toughest-Planet-ebook/dp/B00U6DNZB2'),
('25923530-d84d-4028-a5ef-0b6e0fd70d40', 'Thinking in Bets', 'Annie Duke', 'A guide to making smarter decisions under uncertainty and risk.', '{Self-Help}', '2025-02-15 21:15:47.206692+00', '2025-02-18 17:46:13.664214+00', 'https://www.amazon.com/Thinking-Bets-Making-Smarter-Decisions/dp/0735216355'),
('6fe494fc-39dd-4100-adaf-76548f132c2a', 'The Fabric of Civilization', 'Virginia Postrel', 'A historical journey through the evolution of technology and culture.', '{Nonfiction}', '2025-02-15 21:15:47.206692+00', '2025-02-18 17:46:13.664214+00', 'https://www.amazon.com/Fabric-Civilization-Textiles-Made-World/dp/1541617606'),
('18d5c2f6-bef8-4892-b4bd-ca878c4de776', 'The Hard Thing About Hard Things', 'Ben Horowitz', 'Insights into startup struggles and leadership in the tech world.', '{Nonfiction}', '2025-02-15 21:15:47.206692+00', '2025-02-18 17:46:13.664214+00', 'https://www.amazon.com/Hard-Thing-About-Things-Building/dp/0062273205'),
('931e6375-0c63-4a03-aa30-58c459d52cdd', 'Becoming Steve Jobs', 'Brent Schlender', 'A candid biography capturing the complex legacy of Steve Jobs.', '{Biography}', '2025-02-15 21:15:47.206692+00', '2025-02-18 17:46:13.664214+00', 'https://www.amazon.com/Becoming-Steve-Jobs-Evolution-Visionary/dp/0385347421'),
('55f0e069-44f7-4707-9aaf-089f1f64984e', 'Can''t Hurt Me', 'David Goggins', 'A memoir on overcoming adversity and building mental toughness.', '{Self-Help}', '2025-02-15 21:15:47.206692+00', '2025-02-18 17:46:13.664214+00', 'https://www.amazon.com/Cant-Hurt-Me-Master-Your/dp/1544512287'),
('18144cab-e4af-4a29-ba17-855a41143105', 'A Guide to the Good Life', 'William B. Irvine', 'An introduction to Stoic philosophy for modern living.', '{Philosophy}', '2025-02-15 21:15:47.206692+00', '2025-02-18 17:46:13.664214+00', 'https://www.amazon.com/Guide-Good-Life-Ancient-Stoic/dp/0195374614'),
('e87fc45a-6049-47ba-a291-57965332432d', 'Secrets of Sand Hill Road', 'Scott Kupor', 'An insider''s guide to venture capital and startup funding.', '{Business}', '2025-02-15 21:15:47.206692+00', '2025-02-18 17:46:13.664214+00', 'https://www.amazon.com/Secrets-Sand-Hill-Road-Venture/dp/059308358X'),
('b72b2df4-6eaf-4cae-9242-6193e046ed85', 'Born Standing Up: A Comic''s Life', 'Steve Martin', 'A humorous memoir detailing the rise of a stand-up comedian.', '{Fiction}', '2025-02-15 21:15:47.206692+00', '2025-02-18 17:46:13.664214+00', 'https://www.amazon.com/Born-Standing-Up-Comics-Life/dp/1416553657'),
('135483b6-099c-4c85-a916-cc692681969d', 'Snow Crash', 'Neal Stephenson', 'A cyberpunk classic exploring virtual realities and dystopian futures.', '{"Science Fiction"}', '2025-02-15 21:15:47.206692+00', '2025-02-18 17:46:13.664214+00', 'https://www.amazon.com/Snow-Crash-Neal-Stephenson/dp/0553380958'),
('5fffc95f-badb-4fed-ad1f-634a24892862', 'How to Decide', 'Annie Duke', 'Strategies and tools to improve decision-making in everyday life.', '{Self-Help}', '2025-02-15 21:15:47.206692+00', '2025-02-18 17:46:13.664214+00', 'https://www.amazon.com/How-Decide-Simple-Making-Choices/dp/0593418484'),
('63b27406-619b-4b72-9c87-27f10dabf903', 'Behave: The Biology of Humans at Our Best and Worst', 'Robert Sapolsky', 'An exploration of the science behind human behavior and decision making.', '{Nonfiction}', '2025-02-15 21:15:47.206692+00', '2025-02-18 17:46:13.664214+00', 'https://www.amazon.com/dp/B01IAUGC5S?tag=9natree-20'),
('4132339e-02fe-4334-933d-c1ef9867bd63', 'Extreme Ownership', 'Jocko Willink', 'A leadership manual emphasizing personal accountability in high-stakes situations.', '{Nonfiction}', '2025-02-15 21:15:47.206692+00', '2025-02-18 17:46:13.664214+00', 'https://www.amazon.com/Extreme-Ownership-U-S-Navy-SEALs/dp/1250067057'),
('8526055f-a6dc-40e2-b3ef-91dc4f020a91', '12 Rules for Life', 'Jordan B. Peterson', 'Practical life advice and philosophical insights for personal growth.', '{Self-Help}', '2025-02-15 21:15:47.206692+00', '2025-02-18 17:46:13.664214+00', 'https://www.amazon.com/12-Rules-Life-Antidote-Chaos/dp/0345816021'),
('5f53f667-41d0-4b0a-9ec3-ee1b6de176f7', 'When the Wolves Bite', 'Scott Wapner', 'A detailed account of a high-stakes Wall Street battle that captures the drama of financial conflict.', '{Business}', '2025-02-18 17:46:13.664214+00', '2025-02-18 17:46:13.664214+00', 'https://www.amazon.com/When-Wolves-Bite-Billionaires-Company/dp/1610398270'),
('abb46b21-3d3e-41d9-80ae-b10b41c5967c', 'The Strange Death of Europe', 'Douglas Murray', 'A provocative exploration of immigration and cultural change in Europe that challenges conventional narratives.', '{Nonfiction}', '2025-02-18 17:46:13.664214+00', '2025-02-18 17:46:13.664214+00', 'https://www.amazon.com/Strange-Death-Europe-Immigration-Identity/dp/1472942248'),
('efe56f76-3364-4bbf-9656-bfe789ccdd96', 'Recapturing the Spirit of Enterprise', 'George Gilder', 'A spirited defense of entrepreneurship and free-market innovation as the engines of economic progress.', '{Business}', '2025-02-18 17:46:13.664214+00', '2025-02-18 17:46:13.664214+00', 'https://www.amazon.com/Recapturing-Spirit-Enterprise-George-Gilder/dp/1558152016'),
('71de5878-4c3c-41a1-9609-9cf84179d7d6', 'Intellectuals and Society', 'Thomas Sowell', 'A critical analysis of the role intellectuals play in shaping public policy and societal trends.', '{Nonfiction}', '2025-02-18 17:46:13.664214+00', '2025-02-18 17:46:13.664214+00', 'https://www.amazon.com/Intellectuals-Society-Thomas-Sowell/dp/0465025226'),
('49b0fb57-a28a-4c23-b347-eef61c5eed39', 'The Rise of Superman', 'Steven Kotler', 'An exploration of flow state and peak human performance that uncovers the secrets behind extraordinary achievements.', '{Nonfiction}', '2025-02-18 17:46:13.664214+00', '2025-02-18 17:46:13.664214+00', 'https://www.amazon.com/Rise-Superman-Decoding-Ultimate-Performance-ebook/dp/B00BW54XVO'),
('72de3c3a-3457-4daf-9338-e5d392a12fc7', 'Lone Survivor', 'Marcus Luttrell', 'A harrowing account of a Navy SEAL team’s mission gone awry and the heroism of survival under fire.', '{Fiction}', '2025-02-18 17:46:13.664214+00', '2025-02-18 17:46:13.664214+00', 'https://www.amazon.com/Lone-Survivor-Eyewitness-Account-Operation-ebook/dp/B000QRIGLC'),
('05227c5a-ab9d-4769-8380-44de3442f6af', 'More From Less', 'Andrew McAfee', 'An analysis of how modern economies can achieve greater output with fewer resources, driving sustainable growth.', '{Economics}', '2025-02-18 17:46:13.664214+00', '2025-02-18 17:46:13.664214+00', 'https://www.amazon.com/More-Less-Surprising-Learned-Resources_and/dp/1982103574'),
('8f8897dd-5a9a-4e9a-b1c4-a07da57d5507', 'An Apology for the Builder', 'Nicholas Barbon', 'A reflective exploration of the timeless principles of construction and the creative process behind building great things.', '{Biography}', '2025-02-18 17:46:13.664214+00', '2025-02-18 17:46:13.664214+00', 'https://www.amazon.com/apology-builder-discourse-increase-building/dp/1275835015'),
('7dc14862-97d5-4dac-b9ba-fd7a416c3df9', 'The Tycoons', 'Charles R. Morris', 'An insightful look at the lives and strategies of the great industrial builders of the 19th century.', '{Business}', '2025-02-18 17:46:13.664214+00', '2025-02-18 17:46:13.664214+00', 'https://www.amazon.com/Tycoons-Carnegie-Rockefeller-Invented-Supereconomy/dp/0805081348'),
('00139908-04bd-4c26-ae8e-ecbf4cbf4339', 'Expert Political Judgement', 'Philip E. Tetlock', 'An analysis of forecasting and decision-making in politics that challenges conventional wisdom about expert predictions.', '{Nonfiction}', '2025-02-18 17:46:13.664214+00', '2025-02-18 17:46:13.664214+00', 'https://www.amazon.com/Expert-Political-Judgment-Tetlock-2006-08-20/dp/B01FKRPVZQ'),
('8edc4db9-e4af-4756-a0c2-1d71940dc4b3', 'All Out War', 'Tim Shipman', 'An inside account of Britain’s tumultuous exit from the EU, revealing the profound political and economic stakes.', '{Politics}', '2025-02-18 17:46:13.664214+00', '2025-02-18 17:46:13.664214+00', 'https://www.amazon.com/All-Out-War-Britains-Political/dp/0008215154'),
('169962fd-ce2a-42cb-b1c5-299e545dc5ad', 'The Spider Network', 'David Enrich', 'A thrilling saga of global financial market manipulation orchestrated by a secretive cabal of bankers.', '{Business}', '2025-02-18 17:46:13.664214+00', '2025-02-18 17:46:13.664214+00', 'https://www.amazon.com/Spider-Network-Backstabbing-Greatest-Financial/dp/0062452983'),
('228e4f61-ab06-4720-a3b1-0a7e730286b2', 'Elvis Cole Series', 'Robert Crais', 'A series of engaging crime novels featuring detective Elvis Cole and his witty, compelling investigations.', '{Fiction}', '2025-02-18 17:46:13.664214+00', '2025-02-18 17:46:13.664214+00', 'https://www.amazon.com/Books-Robert-Crais/s?rh=n%3A283155%2Cp_27%3ARobert%2BCrais'),
('ebc509c3-25af-48d3-a59b-957246f4944d', 'A Higher Loyalty', 'James Comey', 'A candid memoir by former FBI director James Comey, revealing insights into power, ethics, and the pressures of public service.', '{Politics}', '2025-02-18 17:46:13.664214+00', '2025-02-18 17:46:13.664214+00', 'https://www.amazon.com/Higher-Loyalty-Truth-Lies-Leadership/dp/1250192455'),
('7573aaf6-a916-4c27-b85e-246b130cf757', 'Kill Decision', 'Daniel Suarez', 'A techno-thriller that explores the potential future of autonomous warfare and unmanned combat systems.', '{"Science Fiction"}', '2025-02-18 17:46:13.664214+00', '2025-02-18 17:46:13.664214+00', 'https://www.amazon.com/Kill-Decision-Daniel-Suarez/dp/0451417704'),
('f006338f-99fd-4da0-8b6f-c9781c2f9e77', 'Private Truths, Public Lies', 'Timur Kuran', 'A deep dive into how hidden biases and concealed information shape political and economic outcomes.', '{Nonfiction}', '2025-02-18 17:46:13.664214+00', '2025-02-18 17:46:13.664214+00', 'https://www.amazon.com/Private-Truths-Public-Lies-Falsification/dp/0674707583'),
('cf8b6a53-925c-4e92-aa51-a5a08b70017a', 'Hacks', 'Donna Brazile', 'A raw and unflinching memoir recounting the hack attacks and internal crises that rocked the DNC in 2016.', '{Biography}', '2025-02-18 17:46:13.664214+00', '2025-02-18 17:46:13.664214+00', 'https://www.amazon.com/Hacks-Inside-Break-ins-Breakdowns-Donald/dp/0316478512'),
('471ca2b4-b11a-4198-a760-2196da156f64', 'Schulz and Peanuts', 'David Michaelis', 'An in-depth look at Charles Schulz’s creative process and the cultural impact of the Peanuts comic strip.', '{Nonfiction}', '2025-02-18 17:46:13.664214+00', '2025-02-18 17:46:13.664214+00', 'https://www.amazon.com/Schulz-Peanuts-Biography-David-Michaelis/dp/0060937998'),
('f7f87ae0-b2b6-45e7-97f6-6a5730a729c1', 'But What if We''re Wrong?', 'Chuck Klosterman', 'A thought-provoking meditation on uncertainty and the possibility that many of our beliefs about the world are mistaken.', '{Self-Help}', '2025-02-18 17:46:13.664214+00', '2025-02-18 17:46:13.664214+00', 'https://www.amazon.com/But-What-If-Were-Wrong/dp/0451484878'),
('1c94f878-3b2e-42b3-9973-cc806b6240a4', 'Chasing Hillary', 'Amy Chozick', 'A behind-the-scenes look at the 2016 Hillary Clinton campaign that blends personal insight with political analysis.', '{Politics}', '2025-02-18 17:46:13.664214+00', '2025-02-18 17:46:13.664214+00', 'https://www.amazon.com/Chasing-Hillary-Presidential-Campaigns-Ceiling/dp/0062413597'),
('49a48f0e-91b9-48e4-92a4-b68c875be423', 'Golden Gates', 'Conor Dougherty', 'A compelling exploration of urban development challenges and opportunities in modern American cities.', '{Economics}', '2025-02-18 17:46:13.664214+00', '2025-02-18 17:46:13.664214+00', 'https://www.amazon.com/Golden-Gates-Fighting-Housing-America/dp/0525560211'),
('ebe696d6-2fd7-4054-98e4-40438124b4c8', 'Edison', 'Edmund Morris', 'A captivating biography of Thomas Edison, the prolific inventor whose innovations transformed modern life.', '{Biography}', '2025-02-18 17:46:13.664214+00', '2025-02-18 17:46:13.664214+00', 'https://www.amazon.com/Edison-Edmund-Morris/dp/081299311X'),
('f518cc86-5fdf-446e-9616-b864364ebe55', 'The Power of Productivity', 'William W. Lewis', 'An exploration of how technological innovation boosts productivity and improves quality of life.', '{Economics}', '2025-02-18 17:46:13.664214+00', '2025-02-18 17:46:13.664214+00', 'https://www.amazon.com/Power-Productivity-Wealth-Poverty-Stability/dp/0226476766'),
('ae26d6f5-bb1b-4c8a-995e-31ce78b35976', 'The Wizard of Menlo Park', 'Randall Stross', 'A detailed biography of Thomas Edison that captures his genius and transformative impact on modern technology.', '{Biography}', '2025-02-18 17:46:13.664214+00', '2025-02-18 17:46:13.664214+00', 'https://www.amazon.com/Wizard-Menlo-Park-Thomas-Invented/dp/1400047633'),
('079b9c34-0d3e-445a-82b5-84e174d22690', 'Civilian Warriors', 'Erik Prince', 'A detailed account of the rise of private military contractors and their evolving role in modern warfare.', '{Nonfiction}', '2025-02-18 17:46:13.664214+00', '2025-02-18 17:46:13.664214+00', 'https://www.amazon.com/Civilian-Warriors-Inside-Blackwater-Unsung/dp/1591847214'),
('7b02c1b6-4295-4e95-83f7-71df8b8b7e8a', 'Rainbows End', 'Vernor Vinge', 'A visionary science fiction novel exploring the future of technology, human cognition, and society.', '{Fiction}', '2025-02-18 17:46:13.664214+00', '2025-02-18 17:46:13.664214+00', 'https://www.amazon.com/Rainbows-End-Novel-Foot-Future/dp/0812536363'),
('5495fe0a-4db2-48be-8a69-4ba3745a5172', 'Days of Rage', 'Bryan Burrough', 'A vivid narrative of 1960s racial politics and domestic terrorism, chronicling a turbulent era in American history.', '{Politics}', '2025-02-18 17:46:13.664214+00', '2025-02-18 17:46:13.664214+00', 'https://www.amazon.com/Days-Rage-Underground-Forgotten-Revolutionary/dp/0143107976'),
('93f3f0ad-ae4e-46fd-95b3-6ce1b951f9fa', 'Slugfest', 'Reed Tucker', 'A creative account of the comic book industry’s early days and its evolution into a global cultural force.', '{Nonfiction}', '2025-02-18 17:46:13.664214+00', '2025-02-18 17:46:13.664214+00', 'https://www.amazon.com/Slugfest-Inside-50-year-Battle-between/dp/0306825465'),
('f46359aa-9dca-4ad0-b679-7291685777ca', 'The Myth of the Rational Voter', 'Bryan Caplan', 'A provocative examination of voter behavior and the irrational biases that shape democratic decision-making.', '{Nonfiction}', '2025-02-18 17:46:13.664214+00', '2025-02-18 17:46:13.664214+00', 'https://www.amazon.com/Myth-Rational-Voter-Democracies-Policies/dp/0691138737'),
('e7f3c17f-6217-4119-b6d1-dd58f7a98648', 'Walt Disney: The Triumph of the American Imagination', 'Neal Gabler', 'A definitive biography of Walt Disney that explores his creative vision and lasting impact on entertainment.', '{Business}', '2025-02-18 17:46:13.664214+00', '2025-02-18 17:46:13.664214+00', 'https://www.amazon.com/Walt-Disney-Triumph-American-Imagination/dp/0739340298'),
('a3df23d9-616a-47df-9a2a-68a0fe9cb0dc', 'Devil''s Bargain', 'Joshua Green', 'An incisive look into political power plays and the dynamics shaping modern policy and governance.', '{Politics}', '2025-02-18 17:46:13.664214+00', '2025-02-18 17:46:13.664214+00', 'https://www.amazon.com/Devils-Bargain-Bannon-Storming-Presidency/dp/0735225028'),
('4a0bb40d-62b6-419a-a4e7-180edf8f54b1', 'How to Live', 'Sarah Bakewell', 'An engaging exploration of the art of living, drawing on the wisdom of philosophy and history.', '{Self-Help}', '2025-02-18 17:46:13.664214+00', '2025-02-18 17:46:13.664214+00', 'https://www.amazon.com/How-Live-Montaigne-Question-Attempts/dp/1590514831'),
('a8b0777e-fd99-4e14-b7ca-20156948e8a2', 'Shattered', 'Jonathan Allen', 'A revealing look at how media coverage impacted political campaigns during the turbulent 2016 election.', '{Politics}', '2025-02-18 17:46:13.664214+00', '2025-02-18 17:46:13.664214+00', 'https://www.amazon.com/Shattered-Inside-Hillary-Clintons-Campaign/dp/0553447084'),
('5309551f-8fb4-49d0-8a21-15054a35c7bb', 'A Very Expensive Poison', 'Luke Harding', 'A gripping account of political assassinations in the UK, blending investigative journalism with a thrilling narrative.', '{Politics}', '2025-02-18 17:46:13.664214+00', '2025-02-18 17:46:13.664214+00', 'https://www.amazon.com/Very-Expensive-Poison-Assassination-Litvinenko/dp/1101973994'),
('48e4bfbd-6da7-4b78-84a2-72b0ac168ec8', 'Conspiracy', 'Ryan Holiday', 'A deep dive into the hidden networks that shape cultural events and influence public discourse.', '{Nonfiction}', '2025-02-18 17:46:13.664214+00', '2025-02-18 17:46:13.664214+00', 'https://www.amazon.com/Conspiracy-Peter-Gawker-Anatomy-Intrigue/dp/1788160835'),
('4f22cd45-c944-411c-986e-75b8c12e4c15', 'A Spy Among Friends', 'Ben MacIntyre', 'A riveting true account of espionage and betrayal among colleagues in the shadowy world of intelligence.', '{Fiction}', '2025-02-18 17:46:13.664214+00', '2025-02-18 17:46:13.664214+00', 'https://www.amazon.com/Spy-Among-Friends-Philby-Betrayal/dp/0804136653'),
('3331e224-4a1e-4e22-9810-e435f6736a87', 'Triumph of the City', 'Edward Glaeser', 'A detailed analysis of how cities drive economic growth and innovation, making urbanization key to prosperity.', '{Economics}', '2025-02-18 17:46:13.664214+00', '2025-02-18 17:46:13.664214+00', 'https://www.amazon.com/Triumph-City-Greatest-Invention-Healthier/dp/0143120549'),
('46489ec7-a8bf-43b8-8cc2-7dcd263888b9', 'The Second Machine Age: Work, Progress, and Prosperity in a Time of Brilliant Technologies', 'Erik Brynjolfsson', 'An analysis of how digital technologies are transforming the economy and redefining work and productivity.', '{Economics}', '2025-02-18 17:46:13.664214+00', '2025-02-18 17:46:13.664214+00', 'https://www.amazon.com/Second-Machine-Age-Prosperity-Technologies/dp/0393350649'),
('f48568b2-43bb-4101-b567-ffeb0bdb3875', 'From Galileo to Newton', 'A. Rupert Hall', 'A compelling narrative tracing the revolution in physics from Galileo’s discoveries to Newton’s theories.', '{Science}', '2025-02-18 19:35:45.068899+00', '2025-02-18 19:35:45.068899+00', 'https://www.amazon.com/Galileo-Newton-Rupert-Hall/dp/0486242277'),
('65fbae96-3e76-405c-b82d-7115e0c21402', 'Foundation', 'Isaac Asimov', 'A seminal science fiction saga about preserving knowledge in a crumbling galactic empire.', '{"Science Fiction"}', '2025-02-18 19:35:45.068899+00', '2025-02-18 19:35:45.068899+00', 'https://www.amazon.com/Foundation-Isaac-Asimov/dp/0553293354?source=ps-sl-shoppingads-lpcontext&ref_=fplfs&psc=1&smid=ATVPDKIKX0DER'),
('14ff15e4-52b0-4f59-be0d-0241d47e44ab', 'Selfish Reasons to Have More Kids', 'Bryan Caplan', 'An economic and personal argument for the benefits of having more children.', '{Economics}', '2025-02-18 19:35:45.068899+00', '2025-02-18 19:35:45.068899+00', 'https://www.amazon.com/Selfish-Reasons-Have-More-Kids/dp/0465028616'),
('e0a97b37-c3c4-4531-9c7f-55f68a5104d6', 'The Iliad', 'Homer', 'An epic poem recounting the heroics of Achilles and the tragedy of the Trojan War.', '{Classic}', '2025-02-18 19:35:45.068899+00', '2025-02-18 19:35:45.068899+00', 'https://www.amazon.com/Iliad-Homer/dp/0140275363'),
('10b66c7b-0b1a-4d04-988b-7b2c5e164c16', 'The Autobiography of Charles Darwin', 'Charles Darwin', 'Charles Darwin’s personal reflections on his life and the groundbreaking discoveries that reshaped science.', '{Biography}', '2025-02-18 19:35:45.068899+00', '2025-02-18 19:35:45.068899+00', 'https://www.amazon.com/Autobiography-Charles-Darwin-1809-1882/dp/0393310698'),
('4d5cc325-8f71-4bbc-9cda-b412f21c7f1e', 'Very Good, Jeeves', 'P. G. Wodehouse', 'A classic comic novel chronicling the misadventures of Bertie Wooster and his resourceful valet Jeeves.', '{Fiction}', '2025-02-18 19:35:45.068899+00', '2025-02-18 19:35:45.068899+00', 'https://www.amazon.com/Very-Good-Jeeves-P-Wodehouse/dp/0393339793'),
('e00f4f49-51cb-425b-bc55-ba8eb56bdef9', 'No Easy Day', 'Mark Owen', 'A firsthand account of the mission that led to the death of Osama bin Laden, from an insider’s perspective.', '{Nonfiction}', '2025-02-18 19:35:45.068899+00', '2025-02-18 19:35:45.068899+00', 'https://www.amazon.com/No-Easy-Day-Autobiography-Firsthand/dp/0525953728'),
('fd93ca83-849e-4cb2-8f88-2434a37bd5f8', 'The Launch Pad', 'Randall Stross', 'A behind-the-scenes look at startup culture and the early struggles of launching a company.', '{Business}', '2025-02-18 19:35:45.068899+00', '2025-02-18 19:35:45.068899+00', 'https://www.amazon.com/Launch-Pad-Inside-Combinator/dp/1591846587'),
('aab6d161-6527-456b-9dd0-2085a982e8dd', 'A Story Lately Told', 'Anjelica Huston', 'A personal narrative that weaves art, life, and history into a compelling memoir.', '{Biography}', '2025-02-18 19:35:45.068899+00', '2025-02-18 19:35:45.068899+00', 'https://www.amazon.com/Story-Lately-Told-Coming-Ireland/dp/1451656300'),
('f23ea638-4b76-4619-8347-598b9e2b73d6', 'Lives of the Artists', 'Giorgio Vasari', 'A classic collection of biographies detailing the lives and works of Renaissance painters and sculptors.', '{Historical}', '2025-02-18 19:35:45.068899+00', '2025-02-18 19:35:45.068899+00', 'https://www.amazon.com/Lives-Artists-Oxford-Worlds-Classics/dp/0199537194'),
('8cca0763-4a9c-41d4-8047-cbacfb15a556', 'To Explain the World', 'Steven Weinberg', 'An attempt to elucidate the fundamental principles underlying the physical world through clear scientific explanation.', '{Science}', '2025-02-18 19:35:45.068899+00', '2025-02-18 19:35:45.068899+00', 'https://www.amazon.com/Explain-World-Discovery-Modern-Science/dp/0062346652'),
('49dda154-8f1c-4035-b738-c3427cf12bd5', 'Barbarian Days', 'William Finnegan', 'A memoir that captures the life of a traveler and surfer, filled with cultural insights and personal adventure.', '{Biography}', '2025-02-18 19:35:45.068899+00', '2025-02-18 19:35:45.068899+00', 'https://www.amazon.com/Barbarian-Days-Surfing-William-Finnegan/dp/0143109391'),
('d0cfd67a-01d1-48ba-8f4e-9a1580a55036', 'The Startup Way', 'Eric Ries', 'A guide to scaling innovation in large organizations using startup principles and agile methods.', '{Business}', '2025-02-18 19:35:45.068899+00', '2025-02-18 19:35:45.068899+00', 'https://www.amazon.com/Startup-Way-Companies-Entrepreneurial-Management/dp/1101903201'),
('b07869a2-6d31-4d94-b577-f0ad68b1a4c3', 'The Harmless People', 'Elizabeth Marshall Thomas', 'A gentle exploration of indigenous cultures and the enduring wisdom of traditional societies.', '{Biography}', '2025-02-18 19:35:45.068899+00', '2025-02-18 19:35:45.068899+00', 'https://www.amazon.com/Harmless-People-Elizabeth-Marshall-Thomas/dp/067972446X'),
('52e10d00-ed77-4cfb-987c-21224a933bbc', 'With the Old Breed', 'E. B. Sledge', 'A harrowing memoir of combat in the Pacific during World War II, emphasizing sacrifice and resilience.', '{Nonfiction}', '2025-02-18 19:35:45.068899+00', '2025-02-18 19:35:45.068899+00', 'https://www.amazon.com/Old-Breed-At-Peleliu-Okinawa/dp/0891419195'),
('73737c3b-402a-4fa1-a69e-bb53f08881e9', 'The Fall of Constantinople 1453', 'Steven Runciman', 'A dramatic account of the siege and fall of Constantinople in 1453 that reshaped history.', '{Historical}', '2025-02-18 19:35:45.068899+00', '2025-02-18 19:35:45.068899+00', 'https://www.amazon.com/Fall-Constantinople-1453-Canto/dp/0521398320'),
('16e59cce-0bdb-474e-9c1a-c7028ee02a39', 'The Quest for El Cid', 'Richard Fletcher', 'A historical exploration of the life and legend of the medieval Spanish hero El Cid.', '{Biography}', '2025-02-18 19:35:45.068899+00', '2025-02-18 19:35:45.068899+00', 'https://www.amazon.com/Quest-El-Cid-Richard-Fletcher/dp/0195069552'),
('62a6eee1-a079-427c-8d00-d91f4e7fc76c', 'Apollo’s Arrow', 'Nicholas A. Christakis', 'A timely analysis of the coronavirus’ impact on society that blends history, epidemiology, and social science.', '{Nonfiction}', '2025-02-18 19:35:45.068899+00', '2025-02-18 19:35:45.068899+00', 'https://www.amazon.com/Apollos-Arrow-Profound-Enduring-Coronavirus/dp/0316628212'),
('6150ba72-3f4a-4355-920a-75858d5e5398', 'A History of Medieval Europe', 'R. H. C. Davis', 'A comprehensive account of medieval Europe, updated with the latest research and diverse viewpoints.', '{Historical}', '2025-02-18 19:35:45.068899+00', '2025-02-18 19:35:45.068899+00', 'https://www.amazon.com/History-Medieval-Constantine-Longman-Paperback/dp/0582482089'),
('46dca70c-ccc2-41f0-bd27-8b5a3285c525', 'Towns, Villages and Countryside of Celtic Europe', 'Francoise Audouze', 'An exploration of the rural and cultural landscapes of Celtic Europe.', '{Nonfiction}', '2025-02-18 19:35:45.068899+00', '2025-02-18 19:35:45.068899+00', 'https://www.amazon.com/Towns-Villages-Countryside-Celtic-Europe/dp/0253310822'),
('0ced0b09-3a84-44f8-8835-5887aea7d22a', 'Making of Europe', 'Robert Bartlett', 'An exploration of the forces that shaped the formation of modern Europe from its ancient roots.', '{Nonfiction}', '2025-02-18 19:35:45.068899+00', '2025-02-18 19:35:45.068899+00', 'https://www.amazon.com/Making-Europe-Conquest-Colonization-Cultural/dp/0140154094'),
('28e0ab25-324c-4537-a785-a1f8acbeda71', 'How to Be Topp', 'Ronald Searle', 'A humorous exploration of what it means to be at the top, full of witty observations.', '{Fiction}', '2025-02-18 19:35:45.068899+00', '2025-02-18 19:35:45.068899+00', 'https://www.amazon.com/How-Be-Topp-Ronald-Searle/dp/1851459650'),
('e507a04b-829c-4e7a-a7b0-1c2812838d10', 'The Complete Novels of Jane Austen', 'Jane Austen', 'A complete collection of Jane Austen''s celebrated novels, showcasing her keen observations of society.', '{Fiction}', '2025-02-18 19:35:45.068899+00', '2025-02-18 19:35:45.068899+00', 'https://www.amazon.com/Complete-Novels-Austen-Leather-bound-Classics/dp/1684129060'),
('0ff91984-393f-40e9-a536-e5928c5e7b9f', 'Why the Allies Won', 'Richard Overy', 'An analysis of the strategic and political factors that led to the Allied victory in World War II.', '{Nonfiction}', '2025-02-18 19:35:45.068899+00', '2025-02-18 19:35:45.068899+00', 'https://www.amazon.com/Why-Allies-Won-Richard-Overy/dp/039331619X'),
('fafb4fb2-8071-414f-b88a-54def50c37b0', 'A Mathematician''s Apology', 'G. H. Hardy', 'A reflective essay on the beauty and purpose of mathematics by one of its greatest advocates.', '{Nonfiction}', '2025-02-18 19:35:45.068899+00', '2025-02-18 19:35:45.068899+00', 'https://www.amazon.com/Mathematicians-Apology-G-H-Hardy/dp/1466402695'),
('5dd2bd34-7eed-4d60-a436-e128e80b8cae', 'A Sense of Where You Are', 'John McPhee', 'A reflective narrative capturing the essence of place and personal observation.', '{Biography}', '2025-02-18 19:35:45.068899+00', '2025-02-18 19:35:45.068899+00', 'https://www.amazon.com/Sense-Where-You-Are-Princeton/dp/0374526893'),
('a90d10e4-674b-4d9c-8acb-9f8d538c6980', 'Oranges', 'John McPhee', 'An exploration of the cultural and economic significance of oranges in America.', '{Nonfiction}', '2025-02-18 19:35:45.068899+00', '2025-02-18 19:35:45.068899+00', 'https://www.amazon.com/Oranges-John-McPhee/dp/0374512973'),
('63668004-9c48-4378-9209-1c59afb07ab2', 'More Money Than God', 'Sebastian Mallaby', 'A thrilling history of hedge funds and the evolution of a new financial elite in modern capitalism.', '{Business}', '2025-02-18 19:35:45.068899+00', '2025-02-18 19:35:45.068899+00', 'https://www.amazon.com/More-Money-Than-God-Relations/dp/0143119419'),
('ace98721-920c-411e-9232-382cc625bc71', 'Kelly', 'Clarence L. Johnson', 'A biography of the legendary aircraft designer whose innovations transformed aerospace engineering.', '{Biography}', '2025-02-18 19:35:45.068899+00', '2025-02-18 19:35:45.068899+00', 'https://www.amazon.com/Kelly-More-Than-Share-All/dp/0874744911'),
('3f0bc969-0c4d-4579-ad72-6b2be2202e5e', 'The Extension of Man', 'J. D. Bernal', 'A seminal work discussing how technology expands human capabilities.', '{Science}', '2025-02-18 19:35:45.068899+00', '2025-02-18 19:35:45.068899+00', 'https://www.amazon.com/Extension-Man-History-Physics-Quantum/dp/0262523868'),
('9e1e5eb1-77cf-46aa-9c2a-b1c15ba89261', 'Confessions', 'Jean-Jacques Rousseau', 'A candid self-portrait by Rousseau that reveals his inner life and personal struggles.', '{Biography}', '2025-02-18 19:35:45.068899+00', '2025-02-18 19:35:45.068899+00', 'https://www.amazon.com/Confessions-Oxford-Classics-Jean-Jacques-Rousseau/dp/0192822756');


INSERT INTO people (id, full_name, created_at, updated_at, url, type)
VALUES
('0ef50665-1a3e-485e-a2aa-7e1cf21de0ae', 'Peter Ackroyd', '2025-03-15 22:33:30.293+00', '2025-03-15 22:33:30.293+00', 'https://en.wikipedia.org/wiki/Peter_Ackroyd', 'Biographers & Memoirists'),
('1568e1de-342e-4c99-be85-229e54f2248f', 'Marc Andreessen', '2025-02-15 21:15:47.206692+00', '2025-02-15 21:15:47.206692+00', 'https://x.com/pmarca', 'Venture Capitalists & Investors'),
('197e13ce-b553-4654-a122-0983af28bb64', 'Sam Altman', '2025-03-01 20:49:00.187+00', '2025-03-01 20:49:00.187+00', 'https://x.com/sama', 'Entrepreneurs & Startup Founders'),
('1a8c205c-9ae6-44f6-b982-742bc201f3ac', 'Ron Conway', '2025-03-13 18:19:45.425+00', '2025-03-13 18:19:45.425+00', 'https://x.com/ronconway', 'Venture Capitalists & Investors'),
('1f12b227-6e7c-4ed2-8fd1-1c1b74d72490', 'Andrew Garfield', '2025-03-14 03:35:56.181+00', '2025-03-14 03:35:56.181+00', 'https://x.com/itsagarfield', 'Comedians, Magicians & Entertainers'),
('25a773c4-13fb-479b-83f4-0213b6c0ba82', 'Satya Nadella', '2025-02-28 00:31:38.905+00', '2025-02-28 00:31:38.905+00', 'https://en.wikipedia.org/wiki/Satya_Nadella', 'Business Leaders & Executives'),
('2a6f9d43-a50f-46eb-97c8-f34be0d5f414', 'Jordan Peterson', '2025-03-13 01:03:02.573+00', '2025-03-13 01:03:02.573+00', 'https://x.com/jordanbpeterson', 'Historians, Philosophers & Theologians'),
('2c18d3c4-9745-4c2e-9668-f6f92ab9005f', 'Seth Godin', '2025-03-18 02:51:38.772+00', '2025-03-18 02:51:38.772+00', 'https://en.wikipedia.org/wiki/Seth_Godin', 'Entrepreneurs & Startup Founders'),
('2db22d1d-67c5-4d0d-9d91-32c0446b88aa', 'Benedict Evans', '2025-03-09 22:17:58.733+00', '2025-03-09 22:17:58.733+00', 'https://x.com/benedictevans', 'Technologists, Mathematicians & Science Writers'),
('2f02e30a-b47a-459e-a3d4-7cb4f1a1ee08', 'Bruce Springsteen', '2025-03-20 20:49:43.191+00', '2025-03-20 20:49:43.191+00', 'https://x.com/springsteen', 'Musicians, Music Critics & Filmmakers'),
('306cf908-6d9f-4ff2-a037-2602108c6bd8', 'Chris Messina', '2025-03-19 02:38:18.216+00', '2025-03-19 02:38:18.216+00', 'https://en.wikipedia.org/wiki/Chris_Messina', 'Entrepreneurs & Startup Founders'),
('30793e1f-9647-4e73-a0b0-201144d736a7', 'Ev Williams', '2025-03-12 17:15:47.98+00', '2025-03-12 17:15:47.98+00', 'https://x.com/ev', 'Entrepreneurs & Startup Founders'),
('362f2770-962b-457c-addb-bd60c3b42787', 'Eric Schmidt', '2025-03-17 18:41:11.791+00', '2025-03-17 18:41:11.791+00', 'https://x.com/ericschmidt', 'Entrepreneurs & Startup Founders'),
('3cf23b17-e1e2-48b6-800e-2889593db96a', 'Jack Altman', '2025-03-18 03:27:31.830467+00', '2025-03-18 03:27:31.830467+00', 'https://x.com/jaltma', 'Entrepreneurs & Startup Founders'),
('40c43eeb-e46d-4cf7-8a8f-477a9d7c9d59', 'Jensen Huang', '2025-03-01 16:29:33.34+00', '2025-03-01 16:29:33.34+00', 'https://en.wikipedia.org/wiki/Jensen_Huang', 'Technologists, Mathematicians & Science Writers'),
('43d97b64-ac23-4072-b759-2beccd516dfa', 'Sara Blakely', '2025-03-08 20:20:11.254+00', '2025-03-08 20:20:11.254+00', 'https://x.com/sarablakely', 'Entrepreneurs & Startup Founders'),
('4f742ab3-d021-452c-8ad5-1d2dab59b1c4', 'Raoul Pal', '2025-03-07 19:17:22.861+00', '2025-03-07 19:17:22.861+00', 'https://x.com/RaoulGMI', 'Economists & Policy Experts'),
('54e6aac3-d96f-4b5b-a1a1-9dae2cc735c3', 'Alexis Ohanian', '2025-03-06 19:56:54.139+00', '2025-03-06 19:56:54.139+00', 'https://x.com/alexisohanian', 'Entrepreneurs & Startup Founders'),
('55d45cbf-a0c7-408e-acc0-9cd59b4baa2d', 'Ray Dalio', '2025-03-07 21:21:58.238+00', '2025-03-07 21:21:58.238+00', 'https://x.com/RayDalio', 'Venture Capitalists & Investors'),
('593cd166-5884-4dc5-94a0-1b1fbc71f8e5', 'Ryan Hoover', '2025-03-20 17:34:37.378+00', '2025-03-20 17:34:37.378+00', 'https://x.com/rrhoover', 'Entrepreneurs & Startup Founders'),
('5c8107ba-a540-40ab-ab2e-ab7b905fc475', 'Jack Dorsey', '2025-03-03 21:51:29.199+00', '2025-03-03 21:51:29.199+00', 'https://x.com/jack', 'Entrepreneurs & Startup Founders'),
('5d796270-7b67-4d25-849a-0f9246beb36f', 'Anthony Bourdain', '2025-03-13 17:53:09.872+00', '2025-03-13 17:53:09.872+00', 'https://en.wikipedia.org/wiki/Anthony_Bourdain', 'Cooks, Food Writers & Culinary Experts'),
('5ea43269-a2ed-4b73-8527-dff2aba45047', 'Tim Ferriss', '2025-03-12 23:49:03.819+00', '2025-03-12 23:49:03.819+00', 'https://x.com/tferriss', 'Entrepreneurs & Startup Founders'),
('62978431-6853-47c2-b4a4-0ad6cb646a7c', 'Ryan Holiday', '2025-03-19 14:33:23.406+00', '2025-03-19 14:33:23.406+00', 'https://x.com/RyanHoliday', 'Authors, Poets & Literary Scholars'),
('64a6f793-a9ff-42f1-85d5-d1495161a40e', 'Elad Gil', '2025-03-02 19:31:55.942+00', '2025-03-02 19:31:55.942+00', 'https://x.com/eladgil', 'Entrepreneurs & Startup Founders'),
('70af5394-3955-4869-9ef6-2c8077d1ea27', 'Shreyas Narlaka', '2025-03-01 01:28:11.20375+00', '2025-03-01 01:28:11.20375+00', 'https://x.com/66_shrey', 'Entrepreneurs & Startup Founders'),
('7865327f-7316-46af-be7f-faf91696013c', 'Dustin Moskovitz', '2025-03-13 16:31:04.178+00', '2025-03-13 16:31:04.178+00', 'https://en.wikipedia.org/wiki/Dustin_Moskovitz', 'Entrepreneurs & Startup Founders'),
('7d70640c-825f-4a70-b983-cb56c5bb64f3', 'Paul Graham', '2025-02-18 19:34:12.584745+00', '2025-02-18 19:34:12.584745+00', 'https://x.com/paulg', 'Entrepreneurs & Startup Founders'),
('7f134fec-0f7a-4a2c-a029-b9a44cf55962', 'Auren Hoffman', '2025-03-09 17:46:00.031+00', '2025-03-09 17:46:00.031+00', 'https://x.com/auren', 'Entrepreneurs & Startup Founders'),
('80d8faa2-9e55-41f1-a12c-55e4b575fb28', 'Vinod Khosla', '2025-03-04 17:42:22.313+00', '2025-03-04 17:42:22.313+00', 'https://x.com/vkhosla', 'Venture Capitalists & Investors'),
('80ed8150-1404-4498-b7e4-485333ebd2f2', 'Peter Thiel', '2025-02-28 20:31:16.276+00', '2025-02-28 20:31:16.276+00', 'https://en.wikipedia.org/wiki/Peter_Thiel', 'Venture Capitalists & Investors'),
('81eeb31e-5364-4fbd-b6f2-8752eae29356', 'Scarlett Johansson', '2025-03-17 21:20:34.295+00', '2025-03-17 21:20:34.295+00', 'https://en.wikipedia.org/wiki/Scarlett_Johansson', 'Musicians, Music Critics & Filmmakers'),
('83842e58-6b23-4046-9901-07034c31b28c', 'J.K. Rowling', '2025-03-17 18:01:36.328+00', '2025-03-17 18:01:36.328+00', 'https://en.wikipedia.org/wiki/J._K._Rowling', 'Novelists, Poets & Literary Scholars'),
('840424c3-515e-4042-b34d-7560b1027521', 'Michael Mauboussin', '2025-03-07 19:25:49.867+00', '2025-03-07 19:25:49.867+00', 'https://x.com/mjmauboussin', 'Economists & Policy Experts'),
('8c74e5de-813d-419a-854b-8171280de53b', 'Adam Savage', '2025-03-13 19:47:36.936+00', '2025-03-13 19:47:36.936+00', 'https://x.com/donttrythis', 'Comedians, Magicians & Entertainers'),
('93b556b5-a799-4bf9-a895-06dcf51a538a', 'Sahil Lavingia', '2025-03-08 20:25:07.44+00', '2025-03-08 20:25:07.44+00', 'https://x.com/shl', 'Entrepreneurs & Startup Founders'),
('94fd096a-10b2-4580-a3a9-95180c140700', 'Julie Zhuo', '2025-03-19 02:09:23.487+00', '2025-03-19 02:09:23.487+00', 'https://twitter.com/joulee?ref_src=twsrc%5Egoogle%7Ctwcamp%5Eserp%7Ctwgr%5Eauthor', 'Product Managers, Designers & Engineers'),
('959d031c-5613-4013-bfe6-2565486f044a', 'Brian Chesky', '2025-03-05 22:29:23.764+00', '2025-03-05 22:29:23.764+00', 'https://x.com/bchesky', 'Entrepreneurs & Startup Founders'),
('aa1f2e94-bc0c-490f-a37f-2de6c135def4', 'Karlie Kloss', '2025-03-14 03:19:33.17+00', '2025-03-14 03:19:33.17+00', 'https://x.com/karliekloss', 'Entrepreneurs & Startup Founders'),
('aaa928ba-7b30-4d20-b935-12a7f3786bbb', 'Shonda Rhimes', '2025-03-13 19:57:36.03+00', '2025-03-13 19:57:36.03+00', 'https://x.com/shondarhimes', 'Broadcasters, Journalists & Media Commentators'),
('ab42f513-3327-4fd4-a098-e1e93fde3443', 'Reid Hoffman', '2025-03-07 19:09:18.733+00', '2025-03-07 19:09:18.733+00', 'https://x.com/reidhoffman', 'Entrepreneurs & Startup Founders'),
('ab732c1f-3826-46bb-8312-d9ed95b9b9f3', 'Ed Catmull', '2025-03-07 20:53:44.942+00', '2025-03-07 20:53:44.942+00', 'https://en.wikipedia.org/wiki/Edwin_Catmull', 'Technologists, Mathematicians & Science Writers'),
('b3ea0954-cf99-4441-837d-15945b071c40', 'Tyler Cowen', '2025-03-13 17:19:48.728+00', '2025-03-13 17:19:48.728+00', 'https://en.wikipedia.org/wiki/Tyler_Cowen', 'Economists & Policy Experts'),
('b47bd147-f5ad-49d1-b24f-946f71c9841b', 'Joe Rogan', '2025-03-08 18:41:16.153+00', '2025-03-08 18:41:16.153+00', 'https://x.com/joerogan', 'Broadcasters, Journalists & Media Commentators'),
('b999bd2e-c0b2-4b16-abb2-c657b4b4e975', 'Patrick Collison', '2025-02-15 20:51:48.821682+00', '2025-02-15 20:51:48.821682+00', 'https://x.com/patrickc', 'Entrepreneurs & Startup Founders'),
('ba8b1d8e-3055-41fa-a0de-e68f7f2a03d3', 'Garry Tan', '2025-02-28 01:15:10.571+00', '2025-02-28 01:15:10.571+00', 'https://x.com/garrytan', 'Entrepreneurs & Startup Founders'),
('bcb21b05-bde5-42fd-917e-b87ce8bf6d4a', 'Elon Musk', '2025-03-07 19:41:59.369+00', '2025-03-07 19:41:59.369+00', 'https://x.com/elonmusk', 'Entrepreneurs & Startup Founders'),
('bd91df9a-316c-4714-b6dc-e78218a85a69', 'Keith Rabois', '2025-03-03 21:25:33.713+00', '2025-03-03 21:25:33.713+00', 'https://x.com/rabois', 'Venture Capitalists & Investors'),
('c1f6a9a1-4039-48b5-8b6b-51d11940174f', 'Brad Feld', '2025-03-20 02:17:59.208+00', '2025-03-20 02:17:59.208+00', 'https://x.com/bfeld', 'Venture Capitalists & Investors'),
('c1ffc866-e5bb-48eb-967a-bfb6914e183c', 'LeBron James', '2025-03-08 17:54:19.837+00', '2025-03-08 17:54:19.837+00', 'https://x.com/KingJames', 'Comedians, Magicians & Entertainers'),
('cc5187c3-9d93-4b02-91c1-555dce6f6e74', 'Marty Cagan', '2025-03-20 17:06:28.779+00', '2025-03-20 17:06:28.779+00', 'https://x.com/cagan', 'Product Managers, Designers & Engineers'),
('cd688549-6d27-4d87-b43b-ba09e1b6cc4f', 'Oprah Winfrey', '2025-03-13 02:26:18.483+00', '2025-03-13 02:26:18.483+00', 'https://x.com/Oprah', 'Broadcasters, Journalists & Media Commentators'),
('cfee863c-c29b-4930-9b76-3bba84c73c45', 'Larry Page', '2025-03-17 17:53:20.649+00', '2025-03-17 17:53:20.649+00', 'https://en.wikipedia.org/wiki/Larry_Page', 'Entrepreneurs & Startup Founders'),
('d0a77752-00b0-4c5c-8413-5a153635b741', 'Jennifer Lawrence', '2025-03-17 21:10:54.856+00', '2025-03-17 21:10:54.856+00', 'https://en.wikipedia.org/wiki/Jennifer_Lawrence', 'Comedians, Magicians & Entertainers'),
('d304a5f5-edab-4931-a041-7605546b5d84', 'Jim Collins', '2025-03-20 15:11:24.92+00', '2025-03-20 15:11:24.92+00', 'https://x.com/level5leaders', 'Business Leaders & Executives'),
('d6467e99-35e3-486d-aff5-2e0cc2f47228', 'Steve Blank', '2025-03-18 17:10:09.561+00', '2025-03-18 17:10:09.561+00', 'https://en.wikipedia.org/wiki/Steve_Blank', 'Entrepreneurs & Startup Founders'),
('d6912a12-a684-41fc-939f-65c9e6f7f488', 'David Perell', '2025-03-10 17:09:27.303+00', '2025-03-10 17:09:27.303+00', 'https://x.com/david_perell', 'Entrepreneurs & Startup Founders'),
('d9272357-10db-44ac-8ed2-6c84a2c4d8c7', 'Stewart Butterfield', '2025-03-07 22:04:06.03+00', '2025-03-07 22:04:06.03+00', 'https://x.com/stewart', 'Entrepreneurs & Startup Founders'),
('da4bf484-1d99-426a-850d-61ad455c02bd', 'Andrew Wilkinson', '2025-03-07 20:14:13.261+00', '2025-03-07 20:14:13.261+00', 'https://x.com/awilkinson', 'Entrepreneurs & Startup Founders'),
('dae85c72-6a38-494e-8c67-f9da5971b6e2', 'Tobi Lutke', '2025-03-06 18:03:58.915+00', '2025-03-06 18:03:58.915+00', 'https://x.com/tobi', 'Entrepreneurs & Startup Founders'),
('dcdb66bc-551a-4a44-a2ff-b0cf8750670a', 'Naval Ravikant', '2025-03-02 21:07:15.489+00', '2025-03-02 21:07:15.489+00', 'https://x.com/naval', 'Entrepreneurs & Startup Founders'),
('e11d24e2-00e1-4631-a136-0ab47869d931', 'Andrew Chen', '2025-03-14 18:23:37.706+00', '2025-03-14 18:23:37.706+00', 'https://x.com/andrewchen', 'Venture Capitalists & Investors'),
('ef9e1a7d-737c-4b40-a587-85e0785aa741', 'Ann Miura-Ko', '2025-03-10 18:12:23.161+00', '2025-03-10 18:12:23.161+00', 'https://x.com/annimaniac', 'Venture Capitalists & Investors'),
('f09eb6c4-f515-4805-9a54-644436b56665', 'Fred Wilson', '2025-03-08 00:32:38.483+00', '2025-03-08 00:32:38.483+00', 'https://x.com/fredwilson', 'Venture Capitalists & Investors'),
('f37e4174-e67d-479c-aa69-a6f556295a01', 'Natalie Portman', '2025-03-20 18:04:23.859+00', '2025-03-20 18:04:23.859+00', 'https://en.wikipedia.org/wiki/Natalie_Portman', 'Musicians, Music Critics & Filmmakers'),
('fa35b2e7-5f37-4036-9de7-065f8dcbed1c', 'Drew Houston', '2025-03-13 20:22:51.548+00', '2025-03-13 20:22:51.548+00', 'https://x.com/drewhouston', 'Entrepreneurs & Startup Founders'),
('fc5e1c0f-aac3-4a25-aa6f-dc528e19d5fa', 'Chris Dixon', '2025-03-03 20:51:46.43+00', '2025-03-03 20:51:46.43+00', 'https://x.com/cdixon', 'Venture Capitalists & Investors'),
('fd359f15-fcbd-4d84-a322-b626043bba75', 'Howard Marks', '2025-03-12 17:08:49.211+00', '2025-03-12 17:08:49.211+00', 'https://en.wikipedia.org/wiki/Howard_Marks_(investor)', 'Venture Capitalists & Investors'),
('ff9d3fbe-adb7-4ce5-8be9-cf16b374ae72', 'Alfred Lin', '2025-03-08 21:19:38.239+00', '2025-03-08 21:19:38.239+00', 'https://x.com/alfred_lin', 'Entrepreneurs & Startup Founders');


INSERT INTO recommendations (id, person_id, book_id, source, source_link, created_at, updated_at)
VALUES 
('3b5da831-ec10-4920-9925-eca5bb47e37d', '1568e1de-342e-4c99-be85-229e54f2248f', '25923530-d84d-4028-a5ef-0b6e0fd70d40', 'Bookmarked', 'https://www.kevinrooke.com/book-recommendations/marc-andreessen', '2025-02-18 17:34:45.674987+00', '2025-02-18 17:34:45.674987+00'),
('7ac5cc08-3d1a-446c-96de-78cd309e7f9b', '2c18d3c4-9745-4c2e-9668-f6f92ab9005f', '25923530-d84d-4028-a5ef-0b6e0fd70d40', 'Bookauthority', 'https://bookauthority.org/profile/seth-godin', '2025-03-18 03:03:25.208+00', '2025-03-18 03:03:25.208+00'),
('5335f317-182c-46f3-95f4-71e524fd8351', '840424c3-515e-4042-b34d-7560b1027521', '25923530-d84d-4028-a5ef-0b6e0fd70d40', 'Bookmarked', 'https://www.bookmarked.club/people/michael-mauboussin', '2025-03-07 19:28:22.546+00', '2025-03-07 19:28:22.546+00'),
('401dfdb2-de3d-43a3-9d5e-04c64e6697bf', '7f134fec-0f7a-4a2c-a029-b9a44cf55962', '25923530-d84d-4028-a5ef-0b6e0fd70d40', 'Bookschatter', 'https://bookschatter.com/books/auren-hoffman', '2025-03-09 17:48:48.864+00', '2025-03-09 17:48:48.864+00'),
('b6b6d9f3-30a1-4f0a-b5bd-eebf9c0b603a', '1568e1de-342e-4c99-be85-229e54f2248f', '46489ec7-a8bf-43b8-8cc2-7dcd263888b9', 'Bookmarked', 'https://www.kevinrooke.com/book-recommendations/marc-andreessen', '2025-02-18 17:46:13.664214+00', '2025-02-18 17:46:13.664214+00'),
('2f1c4a32-9de3-436e-8aed-bd0e0cab151f', '7d70640c-825f-4a70-b983-cb56c5bb64f3', '62a6eee1-a079-427c-8d00-d91f4e7fc76c', 'Hacker News', 'https://news.ycombinator.com/item?id=24063196', '2025-02-18 19:35:45.068899+00', '2025-02-18 19:35:45.068899+00'),
('26212d20-1537-4957-8ba4-7d20d00fe6cf', '7d70640c-825f-4a70-b983-cb56c5bb64f3', 'fafb4fb2-8071-414f-b88a-54def50c37b0', 'Hacker News', 'https://news.ycombinator.com/item?id=24063196', '2025-02-18 19:35:45.068899+00', '2025-02-18 19:35:45.068899+00'),
('f8082d98-7e34-4cbf-8b9a-05837ce567a7', '3cf23b17-e1e2-48b6-800e-2889593db96a', 'fafb4fb2-8071-414f-b88a-54def50c37b0', 'Personal', NULL, '2025-03-18 03:32:51.207306+00', '2025-03-18 03:32:51.207306+00'),
('9ceb61e3-22b2-4c01-9a6a-fa5db75104ec', '1568e1de-342e-4c99-be85-229e54f2248f', '49a48f0e-91b9-48e4-92a4-b68c875be423', 'Bookmarked', 'https://www.kevinrooke.com/book-recommendations/marc-andreessen', '2025-02-18 17:46:13.664214+00', '2025-02-18 17:46:13.664214+00'),
('1f5d23d6-51b4-4a2d-8460-bf2a1dfa8275', 'b3ea0954-cf99-4441-837d-15945b071c40', '49a48f0e-91b9-48e4-92a4-b68c875be423', 'Ultimate Book List', 'https://ultimatebooklist.com/personality/tyler-cowen', '2025-03-13 17:20:12.352+00', '2025-03-13 17:20:12.352+00'),
('4ed4c5f1-099b-4132-9fe0-94b72d222b41', '1568e1de-342e-4c99-be85-229e54f2248f', 'cb8652ee-4c35-4124-9fe2-85bcf14e991f', 'Bookmarked', 'https://www.kevinrooke.com/book-recommendations/marc-andreessen', '2025-02-18 17:34:45.674987+00', '2025-02-18 17:34:45.674987+00'),
('e9b48589-4d1a-4ae9-9cce-6c039fb092de', '5c8107ba-a540-40ab-ab2e-ab7b905fc475', 'cb8652ee-4c35-4124-9fe2-85bcf14e991f', 'Bookmarked', 'https://www.kevinrooke.com/book-recommendations/jack-dorsey', '2025-03-03 21:52:23.287+00', '2025-03-03 21:52:23.287+00'),
('c0cb1660-a88f-4c67-9a5a-909b17739475', '1568e1de-342e-4c99-be85-229e54f2248f', '93f3f0ad-ae4e-46fd-95b3-6ce1b951f9fa', 'Bookmarked', 'https://www.kevinrooke.com/book-recommendations/marc-andreessen', '2025-02-18 17:46:13.664214+00', '2025-02-18 17:46:13.664214+00'),
('85d96ac5-4beb-41e1-907b-83edb6984e1b', '7d70640c-825f-4a70-b983-cb56c5bb64f3', '65fbae96-3e76-405c-b82d-7115e0c21402', 'Hacker News', 'https://news.ycombinator.com/item?id=24063196', '2025-02-18 19:35:45.068899+00', '2025-02-18 19:35:45.068899+00'),
('83f49876-bb95-43ed-92ee-d512273c28c6', 'bcb21b05-bde5-42fd-917e-b87ce8bf6d4a', '65fbae96-3e76-405c-b82d-7115e0c21402', 'Bookmarked', 'https://www.bookmarked.club/people/elon-musk', '2025-03-07 19:41:59.939+00', '2025-03-07 19:41:59.939+00'),
('67fdcbd6-7ffc-4753-bbab-f05a5f8a59a7', '93b556b5-a799-4bf9-a895-06dcf51a538a', '65fbae96-3e76-405c-b82d-7115e0c21402', 'Bookmarked', 'https://www.bookmarked.club/people/sahil-lavingia', '2025-03-08 20:26:48.893+00', '2025-03-08 20:26:48.893+00'),
('052d3f72-8383-4f37-b827-c7862176c414', '197e13ce-b553-4654-a122-0983af28bb64', '65fbae96-3e76-405c-b82d-7115e0c21402', 'Bookauthority', 'https://bookauthority.org/profile/sam-altman', '2025-03-18 16:32:52.18+00', '2025-03-18 16:32:52.18+00'),
('17981b53-d361-47d3-a640-6517fc0b9dd3', '1568e1de-342e-4c99-be85-229e54f2248f', 'd459a6b8-2e46-41a7-a737-47f263d293f7', 'Bookmarked', 'https://www.kevinrooke.com/book-recommendations/marc-andreessen', '2025-02-18 17:34:45.674987+00', '2025-02-18 17:34:45.674987+00'),
('8f2191e2-5936-4cc0-82d9-fac4b2c593e3', '197e13ce-b553-4654-a122-0983af28bb64', 'd459a6b8-2e46-41a7-a737-47f263d293f7', 'Blinkist', 'https://www.blinkist.com/magazine/posts/sam-altman-book-recommendations', '2025-03-01 20:49:51.841+00', '2025-03-01 20:49:51.841+00'),
('a9b1f1f0-702c-45c4-a49b-8bea6e50c39a', 'ff9d3fbe-adb7-4ce5-8be9-cf16b374ae72', 'd459a6b8-2e46-41a7-a737-47f263d293f7', 'Goodbooks', 'https://www.goodbooks.io/people/alfred-lin', '2025-03-08 21:19:38.801+00', '2025-03-08 21:19:38.801+00'),
('ccc5bd3a-7385-4a99-a9f4-e55e4e16146e', '55d45cbf-a0c7-408e-acc0-9cd59b4baa2d', 'd459a6b8-2e46-41a7-a737-47f263d293f7', 'Bookmarked', 'https://www.bookmarked.club/people/ray-dalio', '2025-03-07 21:27:52.852+00', '2025-03-07 21:27:52.852+00'),
('ce179f43-8188-4ed9-be2c-697231adf4ed', '306cf908-6d9f-4ff2-a037-2602108c6bd8', 'd459a6b8-2e46-41a7-a737-47f263d293f7', 'Bookauthority', 'https://bookauthority.org/profile/chris', '2025-03-19 02:44:34.592+00', '2025-03-19 02:44:34.592+00'),
('f54ac5e7-c4a6-4e26-b401-87ea134e39eb', '1a8c205c-9ae6-44f6-b982-742bc201f3ac', 'd459a6b8-2e46-41a7-a737-47f263d293f7', 'Ultimate Book List', 'https://ultimatebooklist.com/personality/ron-conway', '2025-03-13 18:19:45.619+00', '2025-03-13 18:19:45.619+00'),
('89f4a084-9f3b-4a68-a36a-acc7f14f62e8', '25a773c4-13fb-479b-83f4-0213b6c0ba82', 'd459a6b8-2e46-41a7-a737-47f263d293f7', 'Bookauthority', 'https://bookauthority.org/profile/satya-nadella', '2025-03-17 17:38:41.388+00', '2025-03-17 17:38:41.388+00'),
('f8972f04-fc68-488b-922c-31bf30f0e523', '7d70640c-825f-4a70-b983-cb56c5bb64f3', 'f48568b2-43bb-4101-b567-ffeb0bdb3875', 'Hacker News', 'https://news.ycombinator.com/item?id=24063196', '2025-02-18 19:35:45.068899+00', '2025-02-18 19:35:45.068899+00'),
('1c714942-06f4-49da-9771-9156f275d7d9', '1568e1de-342e-4c99-be85-229e54f2248f', 'ae26d6f5-bb1b-4c8a-995e-31ce78b35976', 'Bookmarked', 'https://www.kevinrooke.com/book-recommendations/marc-andreessen', '2025-02-18 17:46:13.664214+00', '2025-02-18 17:46:13.664214+00'),
('0b155c00-6ad9-49d9-8cb2-a12d012aa26e', '7d70640c-825f-4a70-b983-cb56c5bb64f3', 'f23ea638-4b76-4619-8347-598b9e2b73d6', 'Hacker News', 'https://news.ycombinator.com/item?id=24063196', '2025-02-18 19:35:45.068899+00', '2025-02-18 19:35:45.068899+00'),
('65416c86-5f7c-44c9-9f45-acf4f9d43d19', 'b999bd2e-c0b2-4b16-abb2-c657b4b4e975', 'bb7bd264-6530-465f-9b29-9dc0b487c3e8', 'X (Twitter)', 'https://x.com/patrickc/status/1872592892373487765', '2025-02-18 17:35:57.626996+00', '2025-02-18 17:35:57.626996+00'),
('c364aab5-6746-4574-aaa3-2d966539cdb5', '7d70640c-825f-4a70-b983-cb56c5bb64f3', 'e0a97b37-c3c4-4531-9c7f-55f68a5104d6', 'Hacker News', 'https://news.ycombinator.com/item?id=24063196', '2025-02-18 19:35:45.068899+00', '2025-02-18 19:35:45.068899+00'),
('da7eeeae-3dcc-493f-acd8-3670d381c6e0', '83842e58-6b23-4046-9901-07034c31b28c', 'e0a97b37-c3c4-4531-9c7f-55f68a5104d6', 'Bookauthority', 'https://bookauthority.org/profile/jk-rowling', '2025-03-17 18:02:25.502+00', '2025-03-17 18:02:25.502+00'),
('3c131244-9ce9-4d8c-becf-49a2bf4d3d21', '1568e1de-342e-4c99-be85-229e54f2248f', '3331e224-4a1e-4e22-9810-e435f6736a87', 'Bookmarked', 'https://www.kevinrooke.com/book-recommendations/marc-andreessen', '2025-02-18 17:46:13.664214+00', '2025-02-18 17:46:13.664214+00'),
('496f18cb-d9e7-449a-817e-5922faeaa921', 'b999bd2e-c0b2-4b16-abb2-c657b4b4e975', '76fe1a81-4aa3-4c23-8041-cf2e8dd6933b', 'X (Twitter)', 'https://x.com/patrickc/status/1872592892373487765', '2025-02-18 17:35:57.626996+00', '2025-02-18 17:35:57.626996+00'),
('2e61e6d2-1188-42bb-b728-ae7f7a973fce', 'd0a77752-00b0-4c5c-8413-5a153635b741', '76fe1a81-4aa3-4c23-8041-cf2e8dd6933b', 'Bookauthority', 'https://bookauthority.org/profile/jennifer-lawrence', '2025-03-17 21:10:55.378+00', '2025-03-17 21:10:55.378+00'),
('6cf0927d-1d21-4fc6-9eec-96dff2fc2dbd', '2a6f9d43-a50f-46eb-97c8-f34be0d5f414', '76fe1a81-4aa3-4c23-8041-cf2e8dd6933b', 'Ultimate Book List', 'https://ultimatebooklist.com/personality/jordan-peterson', '2025-03-13 01:03:03.953+00', '2025-03-13 01:03:03.953+00'),
('d31b38d1-655e-443a-99bb-00a25364d028', 'cd688549-6d27-4d87-b43b-ba09e1b6cc4f', '76fe1a81-4aa3-4c23-8041-cf2e8dd6933b', 'Ultimate Book List', 'https://ultimatebooklist.com/personality/oprah-winfrey', '2025-03-13 02:31:28.655+00', '2025-03-13 02:31:28.655+00'),
('3e407779-caba-4e1c-9e78-9fcba2e18c72', '2f02e30a-b47a-459e-a3d4-7cb4f1a1ee08', '76fe1a81-4aa3-4c23-8041-cf2e8dd6933b', 'Bookauthority', 'https://bookauthority.org/profile/bruce-springsteen', '2025-03-20 20:50:12.55+00', '2025-03-20 20:50:12.551+00'),
('90d961d1-63e2-410c-b036-208ab34b9bfa', 'b999bd2e-c0b2-4b16-abb2-c657b4b4e975', 'ac172430-a2d5-4a08-b766-e79b0f7d9906', 'X (Twitter)', 'https://x.com/patrickc/status/1872592892373487765', '2025-02-18 17:35:57.626996+00', '2025-02-18 17:35:57.626996+00'),
('fa1b7950-f6ef-4832-8912-a9c968da079c', '1568e1de-342e-4c99-be85-229e54f2248f', '135483b6-099c-4c85-a916-cc692681969d', 'Bookmarked', 'https://www.kevinrooke.com/book-recommendations/marc-andreessen', '2025-02-18 17:34:45.674987+00', '2025-02-18 17:34:45.674987+00'),
('9365b04c-86b5-437c-b467-a20d9bfb48c3', 'dcdb66bc-551a-4a44-a2ff-b0cf8750670a', '135483b6-099c-4c85-a916-cc692681969d', 'Navalmanack', 'https://www.navalmanack.com/navals-recommended-reading', '2025-03-02 21:08:57.389+00', '2025-03-02 21:08:57.389+00'),
('c97812f4-cbea-455c-a998-9591b2c91015', 'dae85c72-6a38-494e-8c67-f9da5971b6e2', '135483b6-099c-4c85-a916-cc692681969d', 'Bookmarked', 'https://www.bookmarked.club/people/tobi-lutke', '2025-03-06 18:04:27.302+00', '2025-03-06 18:04:27.302+00'),
('b589a4f8-c84c-4e4c-917e-6639482e84c2', '54e6aac3-d96f-4b5b-a1a1-9dae2cc735c3', '135483b6-099c-4c85-a916-cc692681969d', 'Bookmarked', 'https://www.bookmarked.club/people/alexis-ohanian', '2025-03-06 19:56:54.809+00', '2025-03-06 19:56:54.809+00'),
('24c7a021-965e-42b2-9b47-d126f37f79dc', 'f09eb6c4-f515-4805-9a54-644436b56665', '135483b6-099c-4c85-a916-cc692681969d', 'Bookmarked', 'https://www.bookmarked.club/people/fred-wilson', '2025-03-08 00:32:38.839+00', '2025-03-08 00:32:38.839+00'),
('cdc3dd2e-6322-46c2-a218-253051d08f78', '8c74e5de-813d-419a-854b-8171280de53b', '135483b6-099c-4c85-a916-cc692681969d', 'Ultimate Book List', 'https://ultimatebooklist.com/personality/adam-savage', '2025-03-13 19:47:37.161+00', '2025-03-13 19:47:37.161+00'),
('d04f8865-d6a0-4772-877e-6b893f04934d', 'cfee863c-c29b-4930-9b76-3bba84c73c45', '135483b6-099c-4c85-a916-cc692681969d', 'Bookauthority', 'https://bookauthority.org/profile/larry-page', '2025-03-17 17:53:56.997+00', '2025-03-17 17:53:56.997+00'),
('75c586b5-92ee-47f8-9e2e-c00add8c7aa4', 'ab42f513-3327-4fd4-a098-e1e93fde3443', '135483b6-099c-4c85-a916-cc692681969d', 'Bookauthority', 'https://bookauthority.org/profile/reid-hoffman', '2025-03-18 23:24:30.647+00', '2025-03-18 23:24:30.647+00'),
('beb5d83e-0330-41f4-85e4-8baf38c71b83', '7d70640c-825f-4a70-b983-cb56c5bb64f3', 'b07869a2-6d31-4d94-b577-f0ad68b1a4c3', 'Hacker News', 'https://news.ycombinator.com/item?id=24063196', '2025-02-18 19:35:45.068899+00', '2025-02-18 19:35:45.068899+00'),
('876bd042-3f85-484f-93b9-48c65feefaf7', '1568e1de-342e-4c99-be85-229e54f2248f', '5495fe0a-4db2-48be-8a69-4ba3745a5172', 'Bookmarked', 'https://www.kevinrooke.com/book-recommendations/marc-andreessen', '2025-02-18 17:46:13.664214+00', '2025-02-18 17:46:13.664214+00'),
('e2176125-1a12-4868-b637-479ff327e370', '1568e1de-342e-4c99-be85-229e54f2248f', '1c94f878-3b2e-42b3-9973-cc806b6240a4', 'Bookmarked', 'https://www.kevinrooke.com/book-recommendations/marc-andreessen', '2025-02-18 17:46:13.664214+00', '2025-02-18 17:46:13.664214+00'),
('7f551a77-69fb-4c28-83eb-22f849618c8f', '1568e1de-342e-4c99-be85-229e54f2248f', '8f8897dd-5a9a-4e9a-b1c4-a07da57d5507', 'Bookmarked', 'https://www.kevinrooke.com/book-recommendations/marc-andreessen', '2025-02-18 17:46:13.664214+00', '2025-02-18 17:46:13.664214+00'),
('7716f6e8-ebe2-4db0-8318-b915b016ebbd', '70af5394-3955-4869-9ef6-2c8077d1ea27', 'e7f3c17f-6217-4119-b6d1-dd58f7a98648', 'Personal', 'https://shrey-as.com/books', '2025-03-01 01:28:11.20375+00', '2025-03-01 01:28:11.20375+00'),
('51bd84e5-21bd-4707-9413-5d3d83a7ebda', '1568e1de-342e-4c99-be85-229e54f2248f', 'e7f3c17f-6217-4119-b6d1-dd58f7a98648', 'Bookmarked', 'https://www.kevinrooke.com/book-recommendations/marc-andreessen', '2025-02-18 17:46:13.664214+00', '2025-02-18 17:46:13.664214+00'),
('e6645a16-2cc4-4663-af95-2fe54b33cb10', '959d031c-5613-4013-bfe6-2565486f044a', 'e7f3c17f-6217-4119-b6d1-dd58f7a98648', 'Bookmarked', 'https://www.kevinrooke.com/book-recommendations/brian-chesky', '2025-03-05 22:30:44.233+00', '2025-03-05 22:30:44.233+00'),
('0914d996-e75f-416e-b7e8-6a68f1e81dd7', '1568e1de-342e-4c99-be85-229e54f2248f', 'f006338f-99fd-4da0-8b6f-c9781c2f9e77', 'Bookmarked', 'https://www.kevinrooke.com/book-recommendations/marc-andreessen', '2025-02-18 17:46:13.664214+00', '2025-02-18 17:46:13.664214+00'),
('a17dcde5-6aca-4532-af08-8b68c892f95c', '7d70640c-825f-4a70-b983-cb56c5bb64f3', '49dda154-8f1c-4035-b738-c3427cf12bd5', 'Hacker News', 'https://news.ycombinator.com/item?id=24063196', '2025-02-18 19:35:45.068899+00', '2025-02-18 19:35:45.068899+00'),
('db5df75d-2a36-48ac-a715-db43f5a3bc41', '1568e1de-342e-4c99-be85-229e54f2248f', '72de3c3a-3457-4daf-9338-e5d392a12fc7', 'Bookmarked', 'https://www.kevinrooke.com/book-recommendations/marc-andreessen', '2025-02-18 17:46:13.664214+00', '2025-02-18 17:46:13.664214+00'),
('eddc8340-d9ef-47bf-ac77-a99ab37b864d', '7d70640c-825f-4a70-b983-cb56c5bb64f3', '3f0bc969-0c4d-4579-ad72-6b2be2202e5e', 'Hacker News', 'https://news.ycombinator.com/item?id=24063196', '2025-02-18 19:35:45.068899+00', '2025-02-18 19:35:45.068899+00'),
('b3630aea-c98d-4727-bc41-2597392f9a10', '1568e1de-342e-4c99-be85-229e54f2248f', 'ebe696d6-2fd7-4054-98e4-40438124b4c8', 'Bookmarked', 'https://www.kevinrooke.com/book-recommendations/marc-andreessen', '2025-02-18 17:46:13.664214+00', '2025-02-18 17:46:13.664214+00'),
('e01710e9-3c3a-4e3d-a882-23c4eff3d4e0', '1568e1de-342e-4c99-be85-229e54f2248f', '55f0e069-44f7-4707-9aaf-089f1f64984e', 'Bookmarked', 'https://www.kevinrooke.com/book-recommendations/marc-andreessen', '2025-02-18 17:34:45.674987+00', '2025-02-18 17:34:45.674987+00'),
('9ec5a0b3-4d64-4f93-84f4-9cbb27a584fb', 'b47bd147-f5ad-49d1-b24f-946f71c9841b', '55f0e069-44f7-4707-9aaf-089f1f64984e', 'Bookmarked', 'https://www.bookmarked.club/people/joe-rogan', '2025-03-08 18:41:17.071+00', '2025-03-08 18:41:17.071+00'),
('85c6e42f-5dd6-48c6-a689-62e06db080b5', 'fd359f15-fcbd-4d84-a322-b626043bba75', '55f0e069-44f7-4707-9aaf-089f1f64984e', 'Goodbooks', 'https://www.goodbooks.io/people#google_vignette', '2025-03-12 17:11:44.858+00', '2025-03-12 17:11:44.858+00'),
('ecee656c-2ab1-4bef-8c55-218e7133cdcf', '30793e1f-9647-4e73-a0b0-201144d736a7', '55f0e069-44f7-4707-9aaf-089f1f64984e', 'Goodbooks', 'https://www.goodbooks.io/people#google_vignette', '2025-03-12 17:15:50.11+00', '2025-03-12 17:15:50.11+00'),
('01c0d1b7-07a2-4adb-8665-e581306df437', '1568e1de-342e-4c99-be85-229e54f2248f', '5fffc95f-badb-4fed-ad1f-634a24892862', 'Bookmarked', 'https://www.kevinrooke.com/book-recommendations/marc-andreessen', '2025-02-18 17:34:45.674987+00', '2025-02-18 17:34:45.674987+00'),
('a64e460e-ec6c-4ce7-ab29-b2c411100403', '840424c3-515e-4042-b34d-7560b1027521', '5fffc95f-badb-4fed-ad1f-634a24892862', 'Bookmarked', 'https://www.bookmarked.club/people/michael-mauboussin', '2025-03-07 19:29:18.767+00', '2025-03-07 19:29:18.767+00'),
('bc182023-3270-471e-921f-5249b46296d1', '2c18d3c4-9745-4c2e-9668-f6f92ab9005f', '5fffc95f-badb-4fed-ad1f-634a24892862', 'Bookauthority', 'https://bookauthority.org/profile/seth-godin', '2025-03-18 03:00:06.437+00', '2025-03-18 03:00:06.437+00'),
('df0416ec-52b7-459d-b02e-d583d0b0bbac', '1568e1de-342e-4c99-be85-229e54f2248f', '228e4f61-ab06-4720-a3b1-0a7e730286b2', 'Bookmarked', 'https://www.kevinrooke.com/book-recommendations/marc-andreessen', '2025-02-18 17:46:13.664214+00', '2025-02-18 17:46:13.664214+00'),
('496fc19c-397c-410c-a9ed-667264d82433', '1568e1de-342e-4c99-be85-229e54f2248f', '931e6375-0c63-4a03-aa30-58c459d52cdd', 'Bookmarked', 'https://www.kevinrooke.com/book-recommendations/marc-andreessen', '2025-02-18 17:34:45.674987+00', '2025-02-18 17:34:45.674987+00'),
('345d81c8-1921-4038-82ca-b325cee00bca', 'bd91df9a-316c-4714-b6dc-e78218a85a69', '931e6375-0c63-4a03-aa30-58c459d52cdd', 'Bookmarked', 'https://www.bookmarked.club/people/keith-rabois', '2025-03-07 17:34:38.347+00', '2025-03-07 17:34:38.347+00'),
('e1815de6-857f-4544-a223-4c30038c44bb', '5c8107ba-a540-40ab-ab2e-ab7b905fc475', '931e6375-0c63-4a03-aa30-58c459d52cdd', 'Bookmarked', 'https://www.kevinrooke.com/book-recommendations/jack-dorsey', '2025-03-03 21:51:55.668+00', '2025-03-03 21:51:55.668+00'),
('cf826637-6a6e-4319-a4af-3e745468b11d', 'ab732c1f-3826-46bb-8312-d9ed95b9b9f3', '931e6375-0c63-4a03-aa30-58c459d52cdd', 'Bookmarked', 'https://www.bookmarked.club/people/ed-catmull', '2025-03-07 20:53:45.165+00', '2025-03-07 20:53:45.165+00'),
('b95d678b-cde6-45bd-9b2c-d9303e74b8ea', 'd304a5f5-edab-4931-a041-7605546b5d84', '931e6375-0c63-4a03-aa30-58c459d52cdd', 'Bookauthority', 'https://bookauthority.org/profile/jim-collins', '2025-03-20 15:12:01.491+00', '2025-03-20 15:12:01.491+00'),
('de39310e-6a20-4346-acbf-83d77bc1af4a', 'ba8b1d8e-3055-41fa-a0de-e68f7f2a03d3', '3560a1d3-117d-4afb-bf7c-c7cffb8be368', 'Bookmarked', 'https://www.kevinrooke.com/book-recommendations/garry-tan', '2025-02-28 01:15:56.625+00', '2025-02-28 01:15:56.625+00'),
('5027a120-da79-436b-a088-8e88d326c549', '1568e1de-342e-4c99-be85-229e54f2248f', '3560a1d3-117d-4afb-bf7c-c7cffb8be368', 'Bookmarked', 'https://www.kevinrooke.com/book-recommendations/marc-andreessen', '2025-02-18 17:34:45.674987+00', '2025-02-18 17:34:45.674987+00'),
('c80d7928-b9db-4760-aa7b-0d2b7395d832', '1568e1de-342e-4c99-be85-229e54f2248f', 'f46359aa-9dca-4ad0-b679-7291685777ca', 'Bookmarked', 'https://www.kevinrooke.com/book-recommendations/marc-andreessen', '2025-02-18 17:46:13.664214+00', '2025-02-18 17:46:13.664214+00'),
('206a2807-7fc3-4e8b-ba95-1eaf6a6215a4', 'b999bd2e-c0b2-4b16-abb2-c657b4b4e975', 'ff01b322-2048-40b5-88eb-43b9b87e7033', 'X (Twitter)', 'https://x.com/patrickc/status/1868630143146844421', '2025-02-18 17:35:57.626996+00', '2025-02-18 17:35:57.626996+00'),
('94d3cf10-167d-48dc-8573-b796bb893020', '1568e1de-342e-4c99-be85-229e54f2248f', '5f53f667-41d0-4b0a-9ec3-ee1b6de176f7', 'Bookmarked', 'https://www.kevinrooke.com/book-recommendations/marc-andreessen', '2025-02-18 17:46:13.664214+00', '2025-02-18 17:46:13.664214+00'),
('b7fc8eff-a7e0-49de-bf39-fc48f2259ecd', '7d70640c-825f-4a70-b983-cb56c5bb64f3', '0ff91984-393f-40e9-a536-e5928c5e7b9f', 'Hacker News', 'https://news.ycombinator.com/item?id=24063196', '2025-02-18 19:35:45.068899+00', '2025-02-18 19:35:45.068899+00'),
('0e09224c-9a9e-40cb-946b-5d076402b781', '7d70640c-825f-4a70-b983-cb56c5bb64f3', '16e59cce-0bdb-474e-9c1a-c7028ee02a39', 'Hacker News', 'https://news.ycombinator.com/item?id=24063196', '2025-02-18 19:35:45.068899+00', '2025-02-18 19:35:45.068899+00'),
('e297ff04-da95-4001-858f-6ac24b687631', '1568e1de-342e-4c99-be85-229e54f2248f', 'f518cc86-5fdf-446e-9616-b864364ebe55', 'Bookmarked', 'https://www.kevinrooke.com/book-recommendations/marc-andreessen', '2025-02-18 17:46:13.664214+00', '2025-02-18 17:46:13.664214+00'),
('7b69f767-40e7-4487-b572-6e2d8a8e2190', 'bd91df9a-316c-4714-b6dc-e78218a85a69', '63b27406-619b-4b72-9c87-27f10dabf903', 'Bookmarked', 'https://www.kevinrooke.com/book-recommendations/keith-rabois', '2025-03-03 21:27:17.106+00', '2025-03-03 21:27:17.106+00'),
('fccc047b-6991-4561-a463-f5a9f902867f', '1568e1de-342e-4c99-be85-229e54f2248f', '63b27406-619b-4b72-9c87-27f10dabf903', 'Bookmarked', 'https://www.kevinrooke.com/book-recommendations/marc-andreessen', '2025-02-18 17:34:45.674987+00', '2025-02-18 17:34:45.674987+00'),
('917e975c-5fb1-41d6-83b3-3a2e0a14e3de', 'b999bd2e-c0b2-4b16-abb2-c657b4b4e975', 'b08aa61b-40da-4876-9007-e2a1c83b1dc0', 'X (Twitter)', 'https://x.com/patrickc/status/1872592892373487765', '2025-02-18 17:35:57.626996+00', '2025-02-18 17:35:57.626996+00'),
('f73e049e-a497-420e-9074-a16df89f8d60', 'aaa928ba-7b30-4d20-b935-12a7f3786bbb', 'b08aa61b-40da-4876-9007-e2a1c83b1dc0', 'Ultimate Book List', 'https://ultimatebooklist.com/personality/shonda-rhimes', '2025-03-13 19:58:20.382+00', '2025-03-13 19:58:20.382+00'),
('8ff41fd1-b3cf-4d32-bcfd-757fc5bf710a', '7d70640c-825f-4a70-b983-cb56c5bb64f3', '5dd2bd34-7eed-4d60-a436-e128e80b8cae', 'Hacker News', 'https://news.ycombinator.com/item?id=24063196', '2025-02-18 19:35:45.068899+00', '2025-02-18 19:35:45.068899+00'),
('56af6a31-df99-49a9-9e50-522db0c2b6af', '7d70640c-825f-4a70-b983-cb56c5bb64f3', '73737c3b-402a-4fa1-a69e-bb53f08881e9', 'Hacker News', 'https://news.ycombinator.com/item?id=24063196', '2025-02-18 19:35:45.068899+00', '2025-02-18 19:35:45.068899+00'),
('99575c99-96c9-4ead-884f-2f7a6333e7d1', '7d70640c-825f-4a70-b983-cb56c5bb64f3', 'fd93ca83-849e-4cb2-8f88-2434a37bd5f8', 'Hacker News', 'https://news.ycombinator.com/item?id=24063196', '2025-02-18 19:35:45.068899+00', '2025-02-18 19:35:45.068899+00'),
('828eeac6-866a-43d3-9d9b-dab4e8864cb7', '7d70640c-825f-4a70-b983-cb56c5bb64f3', '46dca70c-ccc2-41f0-bd27-8b5a3285c525', 'Hacker News', 'https://news.ycombinator.com/item?id=24063196', '2025-02-18 19:35:45.068899+00', '2025-02-18 19:35:45.068899+00'),
('61031927-e3ba-4369-920c-fbd071aa67d0', '1568e1de-342e-4c99-be85-229e54f2248f', 'a3df23d9-616a-47df-9a2a-68a0fe9cb0dc', 'Bookmarked', 'https://www.kevinrooke.com/book-recommendations/marc-andreessen', '2025-02-18 17:46:13.664214+00', '2025-02-18 17:46:13.664214+00'),
('689cdb13-5419-4952-87c9-d94f7a6d4a7e', '1568e1de-342e-4c99-be85-229e54f2248f', 'a8b0777e-fd99-4e14-b7ca-20156948e8a2', 'Bookmarked', 'https://www.kevinrooke.com/book-recommendations/marc-andreessen', '2025-02-18 17:46:13.664214+00', '2025-02-18 17:46:13.664214+00'),
('bf94ee48-30fa-40ce-a883-566d9662d375', '1568e1de-342e-4c99-be85-229e54f2248f', '7b02c1b6-4295-4e95-83f7-71df8b8b7e8a', 'Bookmarked', 'https://www.kevinrooke.com/book-recommendations/marc-andreessen', '2025-02-18 17:46:13.664214+00', '2025-02-18 17:46:13.664214+00'),
('493cda03-d2b0-457c-a2c1-76ae71993599', '1568e1de-342e-4c99-be85-229e54f2248f', '079b9c34-0d3e-445a-82b5-84e174d22690', 'Bookmarked', 'https://www.kevinrooke.com/book-recommendations/marc-andreessen', '2025-02-18 17:46:13.664214+00', '2025-02-18 17:46:13.664214+00'),
('2452cf2b-1811-40b4-b74b-d6a3738cd120', '7d70640c-825f-4a70-b983-cb56c5bb64f3', 'e00f4f49-51cb-425b-bc55-ba8eb56bdef9', 'Hacker News', 'https://news.ycombinator.com/item?id=24063196', '2025-02-18 19:35:45.068899+00', '2025-02-18 19:35:45.068899+00'),
('184720e3-5feb-4576-9cf6-60e01d635088', '1568e1de-342e-4c99-be85-229e54f2248f', 'f7f87ae0-b2b6-45e7-97f6-6a5730a729c1', 'Bookmarked', 'https://www.kevinrooke.com/book-recommendations/marc-andreessen', '2025-02-18 17:46:13.664214+00', '2025-02-18 17:46:13.664214+00'),
('46f0776c-32b3-48e9-9aa5-a4db50b2a360', 'c1f6a9a1-4039-48b5-8b6b-51d11940174f', 'f7f87ae0-b2b6-45e7-97f6-6a5730a729c1', 'Bookauthority', 'https://bookauthority.org/profile/brad-feld', '2025-03-20 02:24:22.739+00', '2025-03-20 02:24:22.739+00'),
('37998b6c-a0ae-42af-bdd5-683904c75811', '1568e1de-342e-4c99-be85-229e54f2248f', '4a0bb40d-62b6-419a-a4e7-180edf8f54b1', 'Bookmarked', 'https://www.kevinrooke.com/book-recommendations/marc-andreessen', '2025-02-18 17:46:13.664214+00', '2025-02-18 17:46:13.664214+00'),
('9df0e4aa-5c7d-4f90-adbe-daab4f902f2c', '5d796270-7b67-4d25-849a-0f9246beb36f', '4a0bb40d-62b6-419a-a4e7-180edf8f54b1', 'Ultimate Book List', 'https://ultimatebooklist.com/personality/anthony-bourdain', '2025-03-13 17:54:12.607+00', '2025-03-13 17:54:12.607+00'),
('c04f0395-08f4-4b24-9486-db22f800045e', '62978431-6853-47c2-b4a4-0ad6cb646a7c', '4a0bb40d-62b6-419a-a4e7-180edf8f54b1', 'Bookauthority', 'https://bookauthority.org/profile/ryan-holiday', '2025-03-19 14:39:54.53+00', '2025-03-19 14:39:54.53+00'),
('1921830d-7fc8-475a-9662-ae53e16b6785', '593cd166-5884-4dc5-94a0-1b1fbc71f8e5', '4a0bb40d-62b6-419a-a4e7-180edf8f54b1', 'Bookauthority', 'https://bookauthority.org/profile/ryan-holiday', '2025-03-20 17:36:32.838+00', '2025-03-20 17:36:32.838+00'),
('0c6b00bc-502f-4251-a91f-0485c2fa1599', '2f02e30a-b47a-459e-a3d4-7cb4f1a1ee08', '4a0bb40d-62b6-419a-a4e7-180edf8f54b1', 'Bookauthority', 'https://bookauthority.org/profile/bruce-springsteen', '2025-03-20 20:51:15.595+00', '2025-03-20 20:51:15.595+00'),
('1916c5cf-0d3b-4350-9c5e-06ddb6632e51', '1568e1de-342e-4c99-be85-229e54f2248f', '4f22cd45-c944-411c-986e-75b8c12e4c15', 'Bookmarked', 'https://www.kevinrooke.com/book-recommendations/marc-andreessen', '2025-02-18 17:46:13.664214+00', '2025-02-18 17:46:13.664214+00'),
('66f20b42-3af0-40b2-959f-27d38adb1348', 'b999bd2e-c0b2-4b16-abb2-c657b4b4e975', '1ebc5bf6-1922-4897-87fe-80757b5e4443', 'X (Twitter)', 'https://x.com/patrickc/status/1872592892373487765', '2025-02-18 17:35:57.626996+00', '2025-02-18 17:35:57.626996+00'),
('70bc8bbd-d578-4655-8c68-7637d44ac459', '7d70640c-825f-4a70-b983-cb56c5bb64f3', '6150ba72-3f4a-4355-920a-75858d5e5398', 'Hacker News', 'https://news.ycombinator.com/item?id=24063196', '2025-02-18 19:35:45.068899+00', '2025-02-18 19:35:45.068899+00'),
('2aed1547-431a-4016-8243-ef5495db2710', '7d70640c-825f-4a70-b983-cb56c5bb64f3', '4d5cc325-8f71-4bbc-9cda-b412f21c7f1e', 'Hacker News', 'https://news.ycombinator.com/item?id=24063196', '2025-02-18 19:35:45.068899+00', '2025-02-18 19:35:45.068899+00'),
('fc485e0f-a9fa-4399-9556-6f566d1d8220', '1568e1de-342e-4c99-be85-229e54f2248f', '71de5878-4c3c-41a1-9609-9cf84179d7d6', 'Bookmarked', 'https://www.kevinrooke.com/book-recommendations/marc-andreessen', '2025-02-18 17:46:13.664214+00', '2025-02-18 17:46:13.664214+00'),
('af68bc4f-a5d2-47d6-93fe-38ebb742928f', '7d70640c-825f-4a70-b983-cb56c5bb64f3', '0ced0b09-3a84-44f8-8835-5887aea7d22a', 'Hacker News', 'https://news.ycombinator.com/item?id=24063196', '2025-02-18 19:35:45.068899+00', '2025-02-18 19:35:45.068899+00'),
('86a28e96-f09b-4541-837f-179999dc4a67', '1568e1de-342e-4c99-be85-229e54f2248f', 'ebc509c3-25af-48d3-a59b-957246f4944d', 'Bookmarked', 'https://www.kevinrooke.com/book-recommendations/marc-andreessen', '2025-02-18 17:46:13.664214+00', '2025-02-18 17:46:13.664214+00'),
('6e5f49b0-2307-4d80-a2b1-2ff01b078b55', '1568e1de-342e-4c99-be85-229e54f2248f', '6fe494fc-39dd-4100-adaf-76548f132c2a', 'Bookmarked', 'https://www.kevinrooke.com/book-recommendations/marc-andreessen', '2025-02-18 17:34:45.674987+00', '2025-02-18 17:34:45.674987+00'),
('5872e453-18cf-4866-a344-7348778601c7', '1568e1de-342e-4c99-be85-229e54f2248f', 'ce05a2d7-6292-4dde-ab13-95b1b2da05fb', 'Bookmarked', 'https://www.kevinrooke.com/book-recommendations/marc-andreessen', '2025-02-18 17:34:45.674987+00', '2025-02-18 17:34:45.674987+00'),
('5900a71e-d232-4827-ae7f-c90991253638', '1568e1de-342e-4c99-be85-229e54f2248f', 'efe56f76-3364-4bbf-9656-bfe789ccdd96', 'Bookmarked', 'https://www.kevinrooke.com/book-recommendations/marc-andreessen', '2025-02-18 17:46:13.664214+00', '2025-02-18 17:46:13.664214+00'),
('800795aa-3493-4b0b-8328-faf2cc4af6b1', '1568e1de-342e-4c99-be85-229e54f2248f', '7dc14862-97d5-4dac-b9ba-fd7a416c3df9', 'Bookmarked', 'https://www.kevinrooke.com/book-recommendations/marc-andreessen', '2025-02-18 17:46:13.664214+00', '2025-02-18 17:46:13.664214+00'),
('edb0f205-bb3e-4369-9a37-66c19c303f08', '7d70640c-825f-4a70-b983-cb56c5bb64f3', 'd0cfd67a-01d1-48ba-8f4e-9a1580a55036', 'Hacker News', 'https://news.ycombinator.com/item?id=24063196', '2025-02-18 19:35:45.068899+00', '2025-02-18 19:35:45.068899+00'),
('ad6b5740-b2f9-47ea-85ed-f72d74a135f2', '7d70640c-825f-4a70-b983-cb56c5bb64f3', '10b66c7b-0b1a-4d04-988b-7b2c5e164c16', 'Hacker News', 'https://news.ycombinator.com/item?id=24063196', '2025-02-18 19:35:45.068899+00', '2025-02-18 19:35:45.068899+00'),
('8633b0be-ecdd-4056-86c8-dbd4fe8d4be6', 'b999bd2e-c0b2-4b16-abb2-c657b4b4e975', 'fea81f19-ad46-4500-ac81-f4d77e34a7b9', 'X (Twitter)', 'https://x.com/patrickc/status/1872592892373487765', '2025-02-18 17:35:57.626996+00', '2025-02-18 17:35:57.626996+00'),
('19b25bcc-9afc-428d-9c4a-53f76a1c3919', 'b999bd2e-c0b2-4b16-abb2-c657b4b4e975', '229d41a3-f641-4b8f-854d-a60e873fbe11', 'X (Twitter)', 'https://x.com/patrickc/status/1872592892373487765', '2025-02-18 17:35:57.626996+00', '2025-02-18 17:35:57.626996+00'),
('17c3f372-cfcd-49c8-a9af-0622ed50c557', '1568e1de-342e-4c99-be85-229e54f2248f', '998bba5d-6127-4835-bb00-c5942d510770', 'Bookmarked', 'https://www.kevinrooke.com/book-recommendations/marc-andreessen', '2025-02-18 17:34:45.674987+00', '2025-02-18 17:34:45.674987+00'),
('9fcd013b-29be-4a41-b761-2591a304b1fd', 'dae85c72-6a38-494e-8c67-f9da5971b6e2', '998bba5d-6127-4835-bb00-c5942d510770', 'Bookmarked', 'https://www.bookmarked.club/people/tobi-lutke', '2025-03-06 18:06:38.769+00', '2025-03-06 18:06:38.769+00'),
('3334f8f4-0d2d-43c9-ac2d-859157e0dcff', 'd9272357-10db-44ac-8ed2-6c84a2c4d8c7', '998bba5d-6127-4835-bb00-c5942d510770', 'Bookmarked', 'https://www.bookmarked.club/people/stewart-butterfield', '2025-03-07 22:04:06.448+00', '2025-03-07 22:04:06.448+00'),
('4159dafe-4327-4622-bb46-c6f5e4811f4d', 'b999bd2e-c0b2-4b16-abb2-c657b4b4e975', '26a38dbb-9309-4291-87e7-824f0eb209c9', 'X (Twitter)', 'https://x.com/patrickc/status/1872592892373487765', '2025-02-18 17:35:57.626996+00', '2025-02-18 17:35:57.626996+00'),
('ea473a0c-765e-4ac4-8611-4be069e40f80', '0ef50665-1a3e-485e-a2aa-7e1cf21de0ae', '26a38dbb-9309-4291-87e7-824f0eb209c9', 'Fivebooks', 'https://fivebooks.com/people/peter-ackroyd/', '2025-03-15 22:33:30.446+00', '2025-03-15 22:33:30.446+00'),
('399ca71d-c355-4d53-82b6-4697da81775f', '7d70640c-825f-4a70-b983-cb56c5bb64f3', 'e507a04b-829c-4e7a-a7b0-1c2812838d10', 'Hacker News', 'https://news.ycombinator.com/item?id=24063196', '2025-02-18 19:35:45.068899+00', '2025-02-18 19:35:45.068899+00'),
('ddc2fa20-6e91-413c-b333-98774fb6ccd3', '7d70640c-825f-4a70-b983-cb56c5bb64f3', '14ff15e4-52b0-4f59-be0d-0241d47e44ab', 'Hacker News', 'https://news.ycombinator.com/item?id=24063196', '2025-02-18 19:35:45.068899+00', '2025-02-18 19:35:45.068899+00'),
('a36eb718-8b20-45e2-87f8-4a3afab64f6e', '1568e1de-342e-4c99-be85-229e54f2248f', '5309551f-8fb4-49d0-8a21-15054a35c7bb', 'Bookmarked', 'https://www.kevinrooke.com/book-recommendations/marc-andreessen', '2025-02-18 17:46:13.664214+00', '2025-02-18 17:46:13.664214+00'),
('01290371-846f-4094-837d-dddb599cd939', 'b999bd2e-c0b2-4b16-abb2-c657b4b4e975', 'd89ef09e-cb4d-4f45-9c8c-e9b34e327759', 'X (Twitter)', 'https://x.com/patrickc/status/1872592892373487765', '2025-02-18 17:35:57.626996+00', '2025-02-18 17:35:57.626996+00'),
('1870ca45-bdae-4c00-a518-b752db6ffda6', '81eeb31e-5364-4fbd-b6f2-8752eae29356', 'd89ef09e-cb4d-4f45-9c8c-e9b34e327759', 'Bookauthority', 'https://bookauthority.org/profile/scarlett-johansson', '2025-03-17 21:20:34.688+00', '2025-03-17 21:20:34.688+00'),
('f6cef60d-62b8-468f-ae13-7fa354734f32', 'f37e4174-e67d-479c-aa69-a6f556295a01', 'd89ef09e-cb4d-4f45-9c8c-e9b34e327759', 'Bookauthority', 'https://bookauthority.org/profile/natalie-portman', '2025-03-20 18:11:53.479+00', '2025-03-20 18:11:53.479+00'),
('99b1cf16-e9be-4781-971a-706979ae7801', '1568e1de-342e-4c99-be85-229e54f2248f', '18144cab-e4af-4a29-ba17-855a41143105', 'Bookmarked', 'https://www.kevinrooke.com/book-recommendations/marc-andreessen', '2025-02-18 17:34:45.674987+00', '2025-02-18 17:34:45.674987+00'),
('08ffbe81-c222-490b-849b-d4eaafa3a081', 'dae85c72-6a38-494e-8c67-f9da5971b6e2', '18144cab-e4af-4a29-ba17-855a41143105', 'Bookmarked', 'https://www.bookmarked.club/people/tobi-lutke', '2025-03-06 18:07:24.74+00', '2025-03-06 18:07:24.74+00'),
('eedd3e9e-b9e5-4f27-81dd-cb7525b7ea86', 'ef9e1a7d-737c-4b40-a587-85e0785aa741', '18144cab-e4af-4a29-ba17-855a41143105', 'Goodbooks', 'https://www.goodbooks.io/people/ann-miura-ko', '2025-03-10 18:13:20.662+00', '2025-03-10 18:13:20.662+00'),
('c919ee3a-77a6-4861-a80d-b02dc20fe7d6', '5ea43269-a2ed-4b73-8527-dff2aba45047', '18144cab-e4af-4a29-ba17-855a41143105', 'Bookauthority', 'https://bookauthority.org/profile/tim-ferriss', '2025-03-18 01:21:21.029+00', '2025-03-18 01:21:21.029+00'),
('eed4b7ff-a414-4fe7-a968-fbf59a9de0fa', 'fd359f15-fcbd-4d84-a322-b626043bba75', '18144cab-e4af-4a29-ba17-855a41143105', 'Goodbooks', 'https://www.goodbooks.io/people#google_vignette', '2025-03-12 17:12:24.521+00', '2025-03-12 17:12:24.521+00'),
('428855eb-14d7-4a8b-ace8-28988e3ffa43', '30793e1f-9647-4e73-a0b0-201144d736a7', '18144cab-e4af-4a29-ba17-855a41143105', 'Goodbooks', 'https://www.goodbooks.io/people#google_vignette', '2025-03-12 17:15:50.644+00', '2025-03-12 17:15:50.644+00'),
('8fd4307c-0f91-473a-972a-32560de073a6', '7d70640c-825f-4a70-b983-cb56c5bb64f3', '52e10d00-ed77-4cfb-987c-21224a933bbc', 'Hacker News', 'https://news.ycombinator.com/item?id=24063196', '2025-02-18 19:35:45.068899+00', '2025-02-18 19:35:45.068899+00'),
('9e048084-fbdf-4ce3-9f10-bd3589a2b542', 'b999bd2e-c0b2-4b16-abb2-c657b4b4e975', '174a1cf7-3bcd-4057-ac7e-80404c363c48', 'X (Twitter)', 'https://x.com/patrickc/status/1872592892373487765', '2025-02-18 17:35:57.626996+00', '2025-02-18 17:35:57.626996+00'),
('e352905a-4dc7-4787-afc5-1c02342f0410', '1568e1de-342e-4c99-be85-229e54f2248f', '00139908-04bd-4c26-ae8e-ecbf4cbf4339', 'Bookmarked', 'https://www.kevinrooke.com/book-recommendations/marc-andreessen', '2025-02-18 17:46:13.664214+00', '2025-02-18 17:46:13.664214+00'),
('bedd3cf6-afa0-4442-b225-8b1a62c78a98', '80d8faa2-9e55-41f1-a12c-55e4b575fb28', '00139908-04bd-4c26-ae8e-ecbf4cbf4339', 'Bookauthority', 'https://bookauthority.org/profile/vinod-khosla', '2025-03-19 14:03:57.247+00', '2025-03-19 14:03:57.247+00'),
('dd32e886-42fb-4dfd-be98-3a07977d1c8f', '1568e1de-342e-4c99-be85-229e54f2248f', '05227c5a-ab9d-4769-8380-44de3442f6af', 'Bookmarked', 'https://www.kevinrooke.com/book-recommendations/marc-andreessen', '2025-02-18 17:46:13.664214+00', '2025-02-18 17:46:13.664214+00'),
('64d36835-e16d-4699-a98c-a22463caf8c7', '1568e1de-342e-4c99-be85-229e54f2248f', 'b72b2df4-6eaf-4cae-9242-6193e046ed85', 'Bookmarked', 'https://www.kevinrooke.com/book-recommendations/marc-andreessen', '2025-02-18 17:34:45.674987+00', '2025-02-18 17:34:45.674987+00'),
('f7fe2aee-25b1-421c-9dc4-58fd482ed273', 'bd91df9a-316c-4714-b6dc-e78218a85a69', '18d5c2f6-bef8-4892-b4bd-ca878c4de776', 'Bookmarked', 'https://www.kevinrooke.com/book-recommendations/keith-rabois', '2025-03-03 21:25:58.324+00', '2025-03-03 21:25:58.324+00'),
('5efcef2f-2228-4590-b47e-26d86e7f35c9', 'fc5e1c0f-aac3-4a25-aa6f-dc528e19d5fa', '18d5c2f6-bef8-4892-b4bd-ca878c4de776', 'Goodbooks', 'https://www.goodbooks.io/people/chris-dixon', '2025-03-03 21:13:45.022+00', '2025-03-03 21:13:45.022+00'),
('3ee1f480-1ace-4eff-b13f-527a02c797f8', '1568e1de-342e-4c99-be85-229e54f2248f', '18d5c2f6-bef8-4892-b4bd-ca878c4de776', 'Bookmarked', 'https://www.kevinrooke.com/book-recommendations/marc-andreessen', '2025-02-18 17:34:45.674987+00', '2025-02-18 17:34:45.674987+00'),
('a90341bd-f4b2-4ce0-8144-6522b8533f8a', '80ed8150-1404-4498-b7e4-485333ebd2f2', '18d5c2f6-bef8-4892-b4bd-ca878c4de776', 'Bookmarked', 'https://www.kevinrooke.com/book-recommendations/peter-thiel', '2025-02-28 20:31:49.846+00', '2025-02-28 20:31:49.846+00'),
('81d3c770-e39b-4732-8124-938056660ea9', '40c43eeb-e46d-4cf7-8a8f-477a9d7c9d59', '18d5c2f6-bef8-4892-b4bd-ca878c4de776', 'Goodbooks', 'https://www.goodbooks.io/people/jensen-huang', '2025-03-01 16:30:17.162+00', '2025-03-01 16:30:17.162+00'),
('c89b5dce-1856-4946-ba04-358a88a21096', '64a6f793-a9ff-42f1-85d5-d1495161a40e', '18d5c2f6-bef8-4892-b4bd-ca878c4de776', 'Bookschatter', 'https://bookschatter.com/books/elad-gil', '2025-03-02 19:34:37.89+00', '2025-03-02 19:34:37.89+00'),
('8c205237-b19a-455f-aec8-0ba254a50974', '4f742ab3-d021-452c-8ad5-1d2dab59b1c4', '18d5c2f6-bef8-4892-b4bd-ca878c4de776', 'Bookmarked', 'https://www.bookmarked.club/people/raoul-pal', '2025-03-07 19:17:23.272+00', '2025-03-07 19:17:23.272+00'),
('d3ee1614-0b86-443f-9899-5e668c2e6a86', 'ff9d3fbe-adb7-4ce5-8be9-cf16b374ae72', '18d5c2f6-bef8-4892-b4bd-ca878c4de776', 'Goodbooks', 'https://www.goodbooks.io/people/alfred-lin', '2025-03-08 21:19:38.99+00', '2025-03-08 21:19:38.99+00'),
('c28884a6-d905-4175-b3e7-0118e5c64589', 'da4bf484-1d99-426a-850d-61ad455c02bd', '18d5c2f6-bef8-4892-b4bd-ca878c4de776', 'Bookmarked', 'https://www.bookmarked.club/people/andrew-wilkinson', '2025-03-07 20:14:13.458+00', '2025-03-07 20:14:13.458+00'),
('64eccb46-b528-4b4e-a1a6-4a74019a813c', 'f09eb6c4-f515-4805-9a54-644436b56665', '18d5c2f6-bef8-4892-b4bd-ca878c4de776', 'Bookmarked', 'https://www.bookmarked.club/people/fred-wilson', '2025-03-08 00:32:38.678+00', '2025-03-08 00:32:38.678+00'),
('7313c3c1-1dce-4a52-aa18-1d2b27e13e68', 'e11d24e2-00e1-4631-a136-0ab47869d931', '18d5c2f6-bef8-4892-b4bd-ca878c4de776', 'Goodbooks', 'https://www.goodbooks.io/people/andrew-chen', '2025-03-14 18:23:37.958+00', '2025-03-14 18:23:37.958+00'),
('ce1ce3cd-8747-411e-8fba-ad266fa5b31a', '7865327f-7316-46af-be7f-faf91696013c', '18d5c2f6-bef8-4892-b4bd-ca878c4de776', 'Ultimate Book List', 'https://ultimatebooklist.com/personality/dustin-moskovitz', '2025-03-13 16:31:34.445+00', '2025-03-13 16:31:34.445+00'),
('cac61360-ea32-4012-82f7-b62b1a50b78d', '94fd096a-10b2-4580-a3a9-95180c140700', '18d5c2f6-bef8-4892-b4bd-ca878c4de776', 'Bookauthority', 'https://bookauthority.org/profile/julie-zhuo', '2025-03-19 02:09:24.377+00', '2025-03-19 02:09:24.377+00'),
('5cbd9e1b-0569-44d6-948f-7a7fefd6dff8', 'fa35b2e7-5f37-4036-9de7-065f8dcbed1c', '18d5c2f6-bef8-4892-b4bd-ca878c4de776', 'Ultimate Book List', 'https://ultimatebooklist.com/personality/drew-houston', '2025-03-13 20:22:51.886+00', '2025-03-13 20:22:51.886+00'),
('19c3c857-3c5e-484e-913a-598452ea64f3', '5ea43269-a2ed-4b73-8527-dff2aba45047', '18d5c2f6-bef8-4892-b4bd-ca878c4de776', 'Ultimate Book List', 'https://ultimatebooklist.com/personality/tim-ferriss', '2025-03-12 23:49:04.492+00', '2025-03-12 23:49:04.492+00'),
('3cdd248e-ee9d-4d70-8aea-23521710a750', 'd6467e99-35e3-486d-aff5-2e0cc2f47228', '18d5c2f6-bef8-4892-b4bd-ca878c4de776', 'Bookauthority', 'https://bookauthority.org/profile/steve-blank', '2025-03-18 17:10:17.547+00', '2025-03-18 17:10:17.547+00'),
('3eaf4ae8-389e-4267-a4df-72ca8ed9c99c', '25a773c4-13fb-479b-83f4-0213b6c0ba82', '18d5c2f6-bef8-4892-b4bd-ca878c4de776', 'Bookauthority', 'https://bookauthority.org/profile/satya-nadella', '2025-03-17 17:38:41.974+00', '2025-03-17 17:38:41.974+00'),
('8685eca7-460d-4099-a55c-2eed51de70bd', 'cfee863c-c29b-4930-9b76-3bba84c73c45', '18d5c2f6-bef8-4892-b4bd-ca878c4de776', 'Bookauthority', 'https://bookauthority.org/profile/larry-page', '2025-03-17 17:53:21.433+00', '2025-03-17 17:53:21.433+00'),
('ce118401-d37d-424b-bbeb-7f3facf7f225', 'cc5187c3-9d93-4b02-91c1-555dce6f6e74', '18d5c2f6-bef8-4892-b4bd-ca878c4de776', 'Bookauthority', 'https://bookauthority.org/profile/marty-cagan', '2025-03-20 17:06:32.931+00', '2025-03-20 17:06:32.931+00'),
('3093e268-03ea-4d03-9f78-e8db5bef1392', '7d70640c-825f-4a70-b983-cb56c5bb64f3', '8cca0763-4a9c-41d4-8047-cbacfb15a556', 'Hacker News', 'https://news.ycombinator.com/item?id=24063196', '2025-02-18 19:35:45.068899+00', '2025-02-18 19:35:45.068899+00'),
('4e34044c-7b52-49ef-af97-202b834617c3', '7d70640c-825f-4a70-b983-cb56c5bb64f3', '28e0ab25-324c-4537-a785-a1f8acbeda71', 'Hacker News', 'https://news.ycombinator.com/item?id=24063196', '2025-02-18 19:35:45.068899+00', '2025-02-18 19:35:45.068899+00'),
('466f38ed-a436-48a7-a577-65a36f33457a', '1568e1de-342e-4c99-be85-229e54f2248f', '7573aaf6-a916-4c27-b85e-246b130cf757', 'Bookmarked', 'https://www.kevinrooke.com/book-recommendations/marc-andreessen', '2025-02-18 17:46:13.664214+00', '2025-02-18 17:46:13.664214+00'),
('9ab68cf8-19e4-4ad3-9966-bcc4dd15d6a8', '1568e1de-342e-4c99-be85-229e54f2248f', '55ca43a0-984d-4427-927a-200f2f9a3d0f', 'Bookmarked', 'https://www.kevinrooke.com/book-recommendations/marc-andreessen', '2025-02-18 17:34:45.674987+00', '2025-02-18 17:34:45.674987+00'),
('200a5013-f2f3-4197-af1b-8b2584cc1ae5', '1568e1de-342e-4c99-be85-229e54f2248f', '49b0fb57-a28a-4c23-b347-eef61c5eed39', 'Bookmarked', 'https://www.kevinrooke.com/book-recommendations/marc-andreessen', '2025-02-18 17:46:13.664214+00', '2025-02-18 17:46:13.664214+00'),
('da96663c-629d-41d5-b3ee-99548a340180', '1568e1de-342e-4c99-be85-229e54f2248f', 'e87fc45a-6049-47ba-a291-57965332432d', 'Bookmarked', 'https://www.kevinrooke.com/book-recommendations/marc-andreessen', '2025-02-18 17:34:45.674987+00', '2025-02-18 17:34:45.674987+00'),
('94924784-c17c-4acc-b5af-22c0f378228a', '197e13ce-b553-4654-a122-0983af28bb64', 'e87fc45a-6049-47ba-a291-57965332432d', 'Blinkist', 'https://www.blinkist.com/magazine/posts/sam-altman-book-recommendations', '2025-03-01 20:50:04.099+00', '2025-03-01 20:50:04.099+00'),
('51ab95e4-8e2b-4f58-9cae-67dac93266b0', '840424c3-515e-4042-b34d-7560b1027521', 'e87fc45a-6049-47ba-a291-57965332432d', 'Bookmarked', 'https://www.bookmarked.club/people/michael-mauboussin', '2025-03-07 19:29:19.137+00', '2025-03-07 19:29:19.137+00'),
('e2f1c469-2851-40cc-af2b-9b6bb94b8fa8', '362f2770-962b-457c-addb-bd60c3b42787', 'e87fc45a-6049-47ba-a291-57965332432d', 'Bookauthority', 'https://bookauthority.org/profile/eric-schmidt', '2025-03-17 18:41:35.83+00', '2025-03-17 18:41:35.83+00'),
('3cde90bb-cd1d-45d6-84d5-46dfaf3b31e0', '2db22d1d-67c5-4d0d-9d91-32c0446b88aa', 'e87fc45a-6049-47ba-a291-57965332432d', 'Bookschatter', 'https://bookschatter.com/books/benedict-evans', '2025-03-09 22:20:40.792+00', '2025-03-09 22:20:40.792+00'),
('e99b6ebb-dd15-4932-ba12-5b24998c2fb8', '1568e1de-342e-4c99-be85-229e54f2248f', '4132339e-02fe-4334-933d-c1ef9867bd63', 'Bookmarked', 'https://www.kevinrooke.com/book-recommendations/marc-andreessen', '2025-02-18 17:34:45.674987+00', '2025-02-18 17:34:45.674987+00'),
('37f2233f-b58a-4471-9325-615c5357eae9', '840424c3-515e-4042-b34d-7560b1027521', '4132339e-02fe-4334-933d-c1ef9867bd63', 'Bookmarked', 'https://www.bookmarked.club/people/michael-mauboussin', '2025-03-07 19:29:03.645+00', '2025-03-07 19:29:03.645+00'),
('d3db32a0-9364-4dfe-ad1a-685f3ea73d25', 'ff9d3fbe-adb7-4ce5-8be9-cf16b374ae72', '4132339e-02fe-4334-933d-c1ef9867bd63', 'Goodbooks', 'https://www.goodbooks.io/people/alfred-lin', '2025-03-08 21:19:39.539+00', '2025-03-08 21:19:39.539+00'),
('fc7dc962-332d-498b-8b5b-fb0e6b630cc7', '7d70640c-825f-4a70-b983-cb56c5bb64f3', '9e1e5eb1-77cf-46aa-9c2a-b1c15ba89261', 'Hacker News', 'https://news.ycombinator.com/item?id=24063196', '2025-02-18 19:35:45.068899+00', '2025-02-18 19:35:45.068899+00'),
('f76fa1e3-1a6e-4ec6-8ff2-518c5a1dd2fd', '7d70640c-825f-4a70-b983-cb56c5bb64f3', 'a90d10e4-674b-4d9c-8acb-9f8d538c6980', 'Hacker News', 'https://news.ycombinator.com/item?id=24063196', '2025-02-18 19:35:45.068899+00', '2025-02-18 19:35:45.068899+00'),
('5a159276-1a89-4e1d-b9aa-672c56f202ea', '1568e1de-342e-4c99-be85-229e54f2248f', '471ca2b4-b11a-4198-a760-2196da156f64', 'Bookmarked', 'https://www.kevinrooke.com/book-recommendations/marc-andreessen', '2025-02-18 17:46:13.664214+00', '2025-02-18 17:46:13.664214+00'),
('1ffc7a9a-2ca1-4b56-8835-693f3571a6a8', '1568e1de-342e-4c99-be85-229e54f2248f', '8edc4db9-e4af-4756-a0c2-1d71940dc4b3', 'Bookmarked', 'https://www.kevinrooke.com/book-recommendations/marc-andreessen', '2025-02-18 17:46:13.664214+00', '2025-02-18 17:46:13.664214+00'),
('6d98fe62-d094-48c7-af15-ef341a16426f', '7d70640c-825f-4a70-b983-cb56c5bb64f3', 'ace98721-920c-411e-9232-382cc625bc71', 'Hacker News', 'https://news.ycombinator.com/item?id=24063196', '2025-02-18 19:35:45.068899+00', '2025-02-18 19:35:45.068899+00'),
('ebcca38b-36d9-422e-80bc-f9a146867f15', '1568e1de-342e-4c99-be85-229e54f2248f', '169962fd-ce2a-42cb-b1c5-299e545dc5ad', 'Bookmarked', 'https://www.kevinrooke.com/book-recommendations/marc-andreessen', '2025-02-18 17:46:13.664214+00', '2025-02-18 17:46:13.664214+00'),
('d1a0de97-a7ea-48fe-9de4-67086e9038db', '1568e1de-342e-4c99-be85-229e54f2248f', 'abb46b21-3d3e-41d9-80ae-b10b41c5967c', 'Bookmarked', 'https://www.kevinrooke.com/book-recommendations/marc-andreessen', '2025-02-18 17:46:13.664214+00', '2025-02-18 17:46:13.664214+00'),
('16cc3aa2-c800-40af-9abf-d710947111d4', '1568e1de-342e-4c99-be85-229e54f2248f', '48e4bfbd-6da7-4b78-84a2-72b0ac168ec8', 'Bookmarked', 'https://www.kevinrooke.com/book-recommendations/marc-andreessen', '2025-02-18 17:46:13.664214+00', '2025-02-18 17:46:13.664214+00'),
('772d53d2-4c01-48f4-8427-ced4c178a609', '4f742ab3-d021-452c-8ad5-1d2dab59b1c4', '48e4bfbd-6da7-4b78-84a2-72b0ac168ec8', 'Bookmarked', 'https://www.bookmarked.club/people/raoul-pal', '2025-03-07 19:20:39.53+00', '2025-03-07 19:20:39.53+00'),
('d198198d-e713-4c97-89c7-1631c2625bcb', 'd6912a12-a684-41fc-939f-65c9e6f7f488', '48e4bfbd-6da7-4b78-84a2-72b0ac168ec8', 'Bookschatter', 'https://bookschatter.com/books/david-perell', '2025-03-10 17:38:52.502+00', '2025-03-10 17:38:52.502+00'),
('8535426a-ddff-425d-8492-1f176d54dc06', '1568e1de-342e-4c99-be85-229e54f2248f', 'cf8b6a53-925c-4e92-aa51-a5a08b70017a', 'Bookmarked', 'https://www.kevinrooke.com/book-recommendations/marc-andreessen', '2025-02-18 17:46:13.664214+00', '2025-02-18 17:46:13.664214+00'),
('75e5f72e-d08b-4bd6-a7f3-6437f1d6b163', '1568e1de-342e-4c99-be85-229e54f2248f', '8c4b4f03-6ffa-4ed2-a838-35dae447c2de', 'Bookmarked', 'https://www.kevinrooke.com/book-recommendations/marc-andreessen', '2025-02-18 17:34:45.674987+00', '2025-02-18 17:34:45.674987+00'),
('602156ab-02b1-48aa-861b-3527c862daa2', 'c1ffc866-e5bb-48eb-967a-bfb6914e183c', '8c4b4f03-6ffa-4ed2-a838-35dae447c2de', 'Bookmarked', 'https://www.bookmarked.club/people/lebron-james', '2025-03-08 17:54:20.177+00', '2025-03-08 17:54:20.177+00'),
('fd828100-e909-46fa-9877-ce0a3edf7383', '43d97b64-ac23-4072-b759-2beccd516dfa', '8c4b4f03-6ffa-4ed2-a838-35dae447c2de', 'Bookmarked', 'https://www.bookmarked.club/people/sara-blakely', '2025-03-08 20:20:11.435+00', '2025-03-08 20:20:11.435+00'),
('2d814a2c-eff3-4842-8054-9ad00109da18', '7d70640c-825f-4a70-b983-cb56c5bb64f3', 'aab6d161-6527-456b-9dd0-2085a982e8dd', 'Hacker News', 'https://news.ycombinator.com/item?id=24063196', '2025-02-18 19:35:45.068899+00', '2025-02-18 19:35:45.068899+00'),
('2c0d9efe-5b4e-485a-8a33-7fb155603d54', '7d70640c-825f-4a70-b983-cb56c5bb64f3', '63668004-9c48-4378-9209-1c59afb07ab2', 'Hacker News', 'https://news.ycombinator.com/item?id=24063196', '2025-02-18 19:35:45.068899+00', '2025-02-18 19:35:45.068899+00'),
('f9a3a495-f239-4d53-b114-35142613645d', '1568e1de-342e-4c99-be85-229e54f2248f', '8526055f-a6dc-40e2-b3ef-91dc4f020a91', 'Bookmarked', 'https://www.kevinrooke.com/book-recommendations/marc-andreessen', '2025-02-18 17:34:45.674987+00', '2025-02-18 17:34:45.674987+00'),
('668a99bb-64aa-48ef-9ad5-171ea0351889', '1f12b227-6e7c-4ed2-8fd1-1c1b74d72490', '8526055f-a6dc-40e2-b3ef-91dc4f020a91', 'Goodbooks', 'https://www.goodbooks.io/people#google_vignette', '2025-03-14 03:36:24.17+00', '2025-03-14 03:36:24.17+00'),
('f440a49a-83e9-4d5f-b960-574e2f91468b', 'b47bd147-f5ad-49d1-b24f-946f71c9841b', '8526055f-a6dc-40e2-b3ef-91dc4f020a91', 'Bookmarked', 'https://www.bookmarked.club/people/joe-rogan', '2025-03-08 18:43:17.683+00', '2025-03-08 18:43:17.683+00'),
('bdde038b-fa10-46c7-9c3c-07798a06bb84', 'aa1f2e94-bc0c-490f-a37f-2de6c135def4', '8526055f-a6dc-40e2-b3ef-91dc4f020a91', 'Goodbooks', 'https://www.goodbooks.io/people#google_vignette', '2025-03-14 03:20:00.361+00', '2025-03-14 03:20:00.361+00'),
('458435aa-9da7-43bb-b82f-b7c42bba6f4a', 'fd359f15-fcbd-4d84-a322-b626043bba75', '8526055f-a6dc-40e2-b3ef-91dc4f020a91', 'Goodbooks', 'https://www.goodbooks.io/people#google_vignette', '2025-03-12 17:11:11.837+00', '2025-03-12 17:11:11.837+00'),
('d129c853-692e-4cdc-a473-6ebafbfc93b7', '30793e1f-9647-4e73-a0b0-201144d736a7', '8526055f-a6dc-40e2-b3ef-91dc4f020a91', 'Goodbooks', 'https://www.goodbooks.io/people#google_vignette', '2025-03-12 17:15:49.811+00', '2025-03-12 17:15:49.811+00');